grouping_variable,group_label,n,mean_predicted_tau_pp,realized_aipw_rd_pp,realized_aipw_rd_ci_low_pp,realized_aipw_rd_ci_high_pp,realized_aipw_rr
cate_predicted_quintile,Q1,16806,15.825430987852762,14.985986427836481,12.670147672713187,17.404800858394573,1.7998362962986842
cate_predicted_quintile,Q2,15939,29.083182164754607,27.16109908542786,24.718241598052277,29.53384911588339,2.368826383091723
cate_predicted_quintile,Q3,18746,30.409301904953068,29.289417951949147,26.99985875438565,31.300616109479872,2.5899955207082477
cate_predicted_quintile,Q4,12479,30.459985250858995,33.49454950970193,29.910709929400365,36.799492112805694,5.489014070701362
cate_predicted_quintile,Q5,16271,41.379392411118396,41.658456524154985,39.14471211239343,44.240650387566745,4.332161659021453
residence,1,17663,24.986749243457293,23.086791766305428,20.748920766100586,25.93752008729121,1.9500618121557773
residence,2,62578,30.215681334667867,30.28338844211808,29.008927575424927,31.610915514601224,3.283824823622004
social_group,1,16740,30.26088683940858,29.001383429845482,26.32995487466413,31.499314736491336,2.9103636715431715
social_group,2,14285,27.832891418378168,27.575545211392505,24.52594390616853,30.733755961751935,4.0438376681092985
social_group,3,31674,27.410216823124177,26.904700352141614,25.316445821391238,28.523257739524695,2.61076535644858
social_group,4,13348,28.263259766987964,27.343682137306434,24.744348900301258,29.633565282983547,2.3292310156217475
