replicate,risk_difference_pct,risk_ratio
0,28.168987939077894,2.7004558466174635
1,28.135499399833552,2.70491015397065
2,28.766230034278216,2.758569559619061
3,28.98713488921862,2.803823747401013
4,28.70677923474656,2.7234106284339634
5,28.245363506184805,2.6947133655010123
6,28.065317768757975,2.711447790978361
7,28.33424926025942,2.723493481757414
8,28.591811944145263,2.6999893248563485
9,28.770157410373464,2.734374787788874
10,28.004093323643875,2.6847393450309367
11,28.323492232154056,2.713538211843178
12,28.80970622149072,2.7486070311448936
13,28.5130223768657,2.7363363977402457
14,27.92115556044883,2.6707123368154253
15,28.556549559415068,2.7281452801345583
16,27.998764141580214,2.6963206913222773
17,28.41473360018267,2.711563523821224
18,28.152355176120935,2.7251936739251845
19,28.383532628005128,2.721541178410881
20,28.63182365114718,2.723288767579385
21,28.510288438267306,2.74073255345725
22,28.98306118299666,2.784346975567207
23,27.8091967190072,2.6728658705642347
24,28.332603019042242,2.7271938437292964
25,28.1287564998982,2.699524605140017
26,29.160091110527063,2.7798855692073974
27,27.68217262385202,2.661386059532484
28,28.79043447515553,2.7492259601475175
29,28.59222138652192,2.7307106038550915
30,29.094368078859645,2.768826041474945
31,28.540330136684123,2.711287226949608
32,28.14267975007087,2.7105401933660738
33,28.924399982237098,2.7484177114725483
34,27.00297496722179,2.6243545901988643
35,28.127538271878056,2.6952564509458705
36,28.700456597502054,2.7444675102638403
37,28.761373969054667,2.761116924027228
38,29.214654800990154,2.7670836122613545
39,28.98377012284103,2.7887598871508352
40,28.717409934115196,2.70731161477024
41,28.766795320615373,2.765283911844352
42,28.252314704411347,2.691801932136331
43,28.715702854698538,2.7439135593334516
44,28.272552722242573,2.698270419841944
45,28.755093321561276,2.7821859828519977
46,28.609241945416407,2.7575643489942285
47,28.208513978185817,2.703636176541347
48,28.435229041297948,2.7423545238722316
49,28.987447291753814,2.7290726607766427
50,28.205965535131867,2.748014341718658
51,28.993652837526916,2.7601462614077987
52,28.79581460867381,2.7603291445605174
53,29.29015146530784,2.790355727644075
54,28.2948897209468,2.6844711533100662
55,28.609877471229023,2.708723847132551
56,27.64496834057985,2.662139803238324
57,28.649511476784074,2.7184041148654714
58,28.445712414484408,2.749978522108312
59,28.86254906264416,2.749043865693882
60,28.603028562603793,2.7303117158560064
61,28.217971372305183,2.6840645959165164
62,28.868647503570987,2.753403903725613
63,28.229114926946963,2.6577985236907464
64,28.422782706485876,2.7185238077360587
65,27.74454960046174,2.6637607392206535
66,28.862242554742814,2.7555251348873018
67,28.172909668482138,2.7218054384088464
68,29.083492098181864,2.774827022055226
69,28.714928886953718,2.7250853529205217
70,28.11545994749567,2.6926627192521124
71,28.46898587844856,2.726079092329543
72,28.81149630237094,2.7683840668451833
73,28.667590805241577,2.762680172189227
74,28.290761889780423,2.7140210192034093
75,28.316206857853132,2.7209091151172693
76,28.898514393744534,2.735507924865114
77,28.432393444109394,2.7479530602860858
78,29.00272310977273,2.7821815682517994
79,28.58841171136891,2.7319212118881846
80,29.14015285937585,2.779624906075993
81,28.826189121436485,2.782003731240631
82,28.6030826021931,2.7508119307860235
83,27.885571071558847,2.661555254201769
84,28.704649916028714,2.7327480702571516
85,28.537674145146575,2.736439138694923
86,28.724357614636276,2.7265807596529195
87,28.167250333664583,2.700235423505316
88,28.760150270603056,2.765736944452459
89,28.966092964391276,2.7837563310380204
90,28.780669184836206,2.7584412045448286
91,29.07352434145617,2.7596247375310394
92,28.49490060142458,2.694946973956426
93,28.65497205246742,2.7248262848280507
94,28.91739853195134,2.733085133436888
95,28.28199606965942,2.697936248244599
96,27.687368027907734,2.6678461802990556
97,28.61774729923513,2.733843067893238
98,28.66429527126817,2.735789358591705
99,28.666962102705163,2.72042530837415
100,28.731097339285355,2.730825771444694
101,28.170234975664037,2.7260282373442113
102,28.19862839431817,2.7062722806984416
103,28.341863662792697,2.714899193754479
104,29.06413665261798,2.7679010813118112
105,28.657380210195292,2.732705041467273
106,28.05059353149113,2.6952754922214766
107,27.609882135718504,2.6876916479010657
108,28.794190746896064,2.733582652233588
109,27.62966250815871,2.627785285920658
110,28.093011972891286,2.6925704934837205
111,28.21809509056361,2.710162000045043
112,28.50052697780945,2.7426740958179225
113,29.010122136884455,2.7703803544886605
114,28.759465685135044,2.7601813967414985
115,28.493318444382354,2.710540279002637
116,28.295342532212448,2.665567099679717
117,29.107642740516802,2.7524608624540776
118,27.7747428427465,2.6513240434349274
119,28.476010593968237,2.723003416073872
120,28.358140856691023,2.7377872796193503
121,28.660188650604457,2.7423605672149627
122,28.258961030620654,2.705558379325576
123,29.09145089436026,2.776013335753147
124,28.962618512203512,2.7853158006415124
125,28.309884966177535,2.6877454744137013
126,28.852055876838385,2.770861984158359
127,29.290489148273778,2.7704377045563215
128,28.47277385151666,2.750896180809014
129,28.332521449608873,2.694546091442384
130,28.33553123102366,2.7479652056437676
131,28.841419451995918,2.76578072085945
132,29.055197001135912,2.776296176347314
133,28.7042720268217,2.7663799388790853
134,28.731497346988533,2.734807820265539
135,28.572236772367553,2.733533943110151
136,28.296350351476956,2.7267306108827083
137,28.270947897271952,2.705680529000724
138,28.494097871351578,2.7304404172111365
139,28.69793670006181,2.749995590157767
140,29.224961616158517,2.78889342760461
141,28.287518725822956,2.6842784180246797
142,29.48766723479143,2.819994386435525
143,28.220251650738167,2.673713239624732
144,28.012329296326666,2.680653882787574
145,28.238766083479184,2.6868354511751957
146,28.634219807484147,2.7324545661643533
147,28.218393215879487,2.6980758885593525
148,28.297710724755476,2.7319736328321778
149,28.466612418843873,2.737087701585594
150,28.014996350123027,2.6850839837007348
151,28.976654151946757,2.785241560500551
152,28.097410752090834,2.7047562810949146
153,28.63645531327135,2.7291913750806964
154,28.4080608944513,2.7549153593676885
155,28.17112966869203,2.717545020841694
156,28.966843978927205,2.7830324692908492
157,29.129136398508226,2.773609890885931
158,28.262584670051506,2.7136159805718
159,28.56290250403089,2.7177433916451412
160,28.121227818614468,2.6767468772101837
161,28.853899833238017,2.767698219574766
162,28.77062213565884,2.7442911787337136
163,28.7488144966377,2.7699103019585256
164,28.18688205084683,2.6900035475614934
165,29.272432578696062,2.790221896149869
166,28.62768276687574,2.7254834571974906
167,28.26296182163214,2.712959678246214
168,28.362355744424928,2.701644326824582
169,28.306243974561273,2.707981240844738
170,28.80144416056697,2.777246730755084
171,28.94344888116519,2.746770541039261
172,28.531750325619186,2.7212603885145303
173,28.373792628244836,2.7387151684584823
174,28.189697476910595,2.753513274296252
175,28.338717200355756,2.7532886201359754
176,28.911295148233883,2.7655032597936566
177,28.873097982634743,2.7411273809798615
178,28.08232195236433,2.6978695412678064
179,28.999333716798947,2.7514895492649663
180,28.482936099806665,2.734077270070617
181,28.68548000635483,2.7466660635357036
182,28.23757884677387,2.700693912737763
183,27.86801816522687,2.663146944026168
184,28.418244093435362,2.7675123587133075
185,28.39282759115961,2.7496866820980648
186,28.272451189644933,2.718580345666088
187,27.77020614472967,2.6635319130101602
188,28.474894318997663,2.7440962581693022
189,28.390590267483994,2.6977760272248097
190,28.76759150392046,2.746136216155771
191,28.668371187407587,2.7561438632975275
192,28.032277607014834,2.689526110273298
193,29.42089158623483,2.815401238705478
194,28.518069210870888,2.711201527906787
195,28.247849137444693,2.732560560691496
196,29.0598153019339,2.7421171260165598
197,28.99627927638071,2.762517889413458
198,28.04017846687774,2.679105022976413
199,28.40193619467052,2.7199474648707302
200,28.74035164587303,2.748271007800615
201,28.355036214215986,2.7399362730002603
202,28.7744773630928,2.73370585568747
203,28.74267408741546,2.753752267648035
204,28.353727369827897,2.7274032228674328
205,28.597547241322463,2.7621229977844615
206,29.135483425603447,2.7973643980358434
207,27.703124006329272,2.6669932912559666
208,28.884041432605866,2.7682577541365054
209,28.766286790130746,2.7114127174681664
210,28.55832955041914,2.6930153725678476
211,27.849637165368307,2.71266081267412
212,28.911603525356256,2.7329317219203313
213,28.087118473892524,2.7309530724792057
214,28.413936667879224,2.7262687557321357
215,29.112876571832498,2.778789246092544
216,28.433486758145044,2.7059189390678986
217,28.122141110398612,2.7061960941323195
218,28.791514710675976,2.756855283164576
219,28.340438002017255,2.7313968601328398
220,29.031274083903487,2.7838492975527394
221,28.784782551709466,2.7372091912162126
222,28.439025255507122,2.7098250719947563
223,28.497356475572232,2.7251158675134404
224,28.832782439176967,2.7984393220675
225,28.994773609874112,2.7571145915184774
226,28.18170624356987,2.7126847023433607
227,27.924618371855992,2.693991827055052
228,28.580784515816422,2.7226456693987524
229,28.601712109690645,2.743947913260054
230,28.785652137554834,2.7467020329283205
231,28.862895102565844,2.742492439778513
232,28.225002303513648,2.692924217297621
233,28.566873607898547,2.743711003273586
234,28.72488073880448,2.7290157478717023
235,28.401808790598704,2.7588199060889447
236,27.87456604150248,2.722547983202559
237,28.414807209237438,2.7191544797191365
238,28.32906103552,2.7178747324698658
239,28.709962051638232,2.7821161172381053
240,28.136337532834947,2.7101406052217363
241,29.413747396193912,2.816887235376078
242,28.541233996997086,2.7291775492767334
243,29.199941955459664,2.7511996076306686
244,29.04158722069308,2.756833163641172
245,28.61979780873161,2.7528126689715235
246,27.970807776577328,2.6841340907857134
247,28.84167941342205,2.7547072925896483
248,28.443621812011244,2.7293604090565404
249,28.1195023960684,2.6813156371254556
250,28.674430140822242,2.7307302762652053
251,29.35240214979328,2.816495767965645
252,28.936142964797984,2.769803766615756
253,28.5249883509058,2.7442384683757686
254,28.47826474253977,2.729531947331183
255,29.03196568191268,2.720732593582028
256,28.244707584439375,2.7126266456315333
257,28.417722277038216,2.718571390951786
258,29.176092141759323,2.792210957505677
259,28.382352884447453,2.700281219806581
260,28.041386997451863,2.685934303409293
261,28.428357848497537,2.7298723143575674
262,28.962592836937915,2.7563342630172993
263,28.493803850321786,2.756518596593387
264,29.06515805017032,2.7721452926618277
265,28.97771835728369,2.778699292506878
266,28.30503550930915,2.6775248360525707
267,28.42845234810398,2.7388976765234423
268,27.665930428357377,2.659232570964321
269,28.260989714837603,2.676666760968076
270,29.044796924573795,2.782125679284684
271,28.57228047763387,2.7455341845205794
272,28.541899544605222,2.70104266682212
273,27.817722568493586,2.713463778052451
274,28.724619449464424,2.7581184059719783
275,28.6304271809937,2.688061999016267
276,27.629143813926294,2.6487457316065552
277,28.64779223540247,2.6976350231030186
278,28.643315837171414,2.7590097678892094
279,29.003539206320163,2.7959162207344326
280,28.825082140695223,2.7667321122504216
281,28.60993339584732,2.708624269574217
282,28.467314888366047,2.734692078180851
283,28.609257056237965,2.7386556941012343
284,29.194177661597053,2.7870244388999263
285,28.488549625677233,2.758557307403162
286,28.304169053279253,2.698119761557608
287,27.918475862739612,2.6967469052243755
288,28.99701826613386,2.753714195135021
289,29.20061072418726,2.791760601386258
290,28.7438726338186,2.763894102581879
291,28.47833283062406,2.718345752079179
292,28.744210917288104,2.722506284600305
293,28.243751290906843,2.6848752921522325
294,27.88963444325394,2.671979380754038
295,28.741829636036233,2.75568805117799
296,28.918017082697293,2.779549300512965
297,28.870803423568436,2.712558874007896
298,27.899857925780978,2.6819451020465666
299,28.309574023582073,2.7303608232720795
300,28.292769886183066,2.6933181895186173
301,27.80063872164819,2.6911512201318546
302,28.40517686489904,2.7158214997220016
303,28.258443789091732,2.715273701930075
304,29.551863571406408,2.850864876959934
305,29.061294925412756,2.815501405137166
306,28.669175903501642,2.748799595691567
307,28.6666195262097,2.748966334196391
308,28.654088405285314,2.7305711036527875
309,27.98332671178656,2.7098391402346276
310,28.143904143008108,2.6778782818459117
311,28.50638887908701,2.707988131564107
312,28.563864959885834,2.731200648526527
313,28.053217673307813,2.6699048038814928
314,28.646952146996004,2.713720084848971
315,29.13615127894419,2.7450958921008213
316,28.32932426559439,2.7208752842350323
317,28.80033588036848,2.7224819274078986
318,28.24166315290182,2.709268350482673
319,28.167279992308924,2.6853445488956407
320,28.911269050360477,2.7747853946899816
321,28.32885364946772,2.7053142717924397
322,28.18478858920232,2.6886686464391634
323,27.80661042665965,2.6451619526148575
324,29.007088899520063,2.7792840900879305
325,28.402471816202436,2.6925136154813765
326,28.93731999243646,2.7717484827326127
327,28.407015701058057,2.7087409059043757
328,28.101868846810085,2.6995503546909574
329,28.252416987705153,2.704229680117259
330,28.729413377346425,2.7718090122535948
331,28.071035635390672,2.692809263385878
332,28.71338364503009,2.754817038970011
333,27.724958906083707,2.6710196589796964
334,27.875079332526752,2.6622260437639627
335,27.901885070784836,2.6996609658755357
336,28.24441676988036,2.7001977296975905
337,28.474566059829797,2.7139393497769504
338,28.611146430192246,2.7478640579999527
339,28.309425922769194,2.723222470444422
340,28.878585727736706,2.7587073827448902
341,28.654311788211384,2.74184700529687
342,28.273530615314925,2.712928778071075
343,28.42864210731415,2.7510207105578006
344,28.7784343877432,2.7619079601531547
345,28.296338223749927,2.7143998046664937
346,28.78326970365972,2.7579992503046964
347,28.600988632743217,2.722155065526332
348,28.485509339482235,2.7271129681777304
349,28.95009654537809,2.7579432115086644
350,28.1076480281384,2.696294602339062
351,27.794884897627448,2.685400069007022
352,27.99593397702025,2.7272439833844992
353,28.72003947202447,2.7672783386031163
354,28.370576764915,2.7362510984377875
355,28.17303246074485,2.6819895528802715
356,28.243805645279263,2.6950281254746535
357,29.114669651641513,2.771688199330096
358,28.550801994153908,2.7339704051275655
359,28.6760410614347,2.7233343910695176
360,28.559660299521646,2.7186760213423367
361,28.777803859486173,2.7736034378810275
362,28.255539937445416,2.717258854156567
363,27.623497567963746,2.66381233502567
364,28.961985531233925,2.7692383520861186
365,28.48072168940186,2.7108758445951118
366,28.702375364501766,2.7251336815224083
367,27.894195382974395,2.6714910602572037
368,28.970795748811884,2.7550243465176814
369,28.837447967797992,2.7669355800756357
370,28.680405864108906,2.710130406670311
371,28.25835790410651,2.738444500875801
372,28.669549253582193,2.7493815707358173
373,29.437808488244798,2.8272010369152953
374,28.33573909068068,2.6992754073174865
375,28.25949208875492,2.7197050382196792
376,28.254012011561315,2.7084536108601998
377,28.46075745224016,2.735751118498215
378,28.901989406622995,2.7592023258886793
379,28.789715591127173,2.7399450712844513
380,28.31026455011294,2.6921829967831603
381,29.253369907779803,2.8140587429374917
382,28.970256939888937,2.7687817121970824
383,28.398001156790443,2.731794756828972
384,28.93782514213314,2.8031810868904894
385,28.254375656971586,2.707497652000505
386,28.460789327373636,2.726921612104118
387,28.51639116654384,2.7253197857658997
388,28.399819487060228,2.744979612729122
389,28.68395131661423,2.735565329101199
390,28.04395204585979,2.678972949101861
391,28.287769823989667,2.7021772323731943
392,28.98011841827335,2.7373322220905307
393,28.545102623910022,2.723876555672507
394,28.03586604777587,2.6980485250779114
395,27.644446528182648,2.646800163128383
396,28.546416734925483,2.737423063812571
397,28.971162203068936,2.761697580247678
398,28.448591805606437,2.713330354732155
399,28.28115985193681,2.704419712398538
400,29.042563257789656,2.7751968699102223
401,28.22831078853087,2.6897170214091917
402,28.481354831858873,2.7193452396755053
403,28.60120775641492,2.7779289922766686
404,28.700339885504416,2.7517512575242957
405,28.723743180296445,2.745637721265689
406,28.039750824732547,2.6803890398195147
407,28.24701575158005,2.706906959905176
408,27.581157368478316,2.6527765962673957
409,27.678618531391685,2.651052349514075
410,28.16210472868309,2.689949407882799
411,28.99377166758167,2.778087863586486
412,28.636920696043173,2.748376234572225
413,27.44312067189988,2.6358237635808868
414,28.617572279443078,2.7305588654245936
415,29.13041249713445,2.7493584817688186
416,28.363375505727152,2.6934737125867714
417,29.34855193822532,2.809865295471075
418,29.155769009990156,2.803698506039968
419,28.347079983692925,2.708810022093814
420,28.43014354412222,2.7387389199508023
421,28.54819945501123,2.7092959569222743
422,27.984285631423834,2.681892295765692
423,28.4190456358585,2.6888196423895017
424,28.276125023884934,2.7054753513036847
425,28.34660114701324,2.7265078505570886
426,28.404031697152675,2.6960437078436237
427,29.14554252463889,2.76068358341985
428,27.97742923259333,2.69837517792216
429,28.132824130205325,2.690774688619493
430,28.999802205044144,2.7777938953674735
431,28.37489272074433,2.7030024710038787
432,27.928747794027984,2.6635384626901337
433,28.440516635240144,2.7287390307715467
434,28.13213397777462,2.7173986797603464
435,28.20961209601395,2.7181089811792534
436,28.62311078438571,2.726712094675198
437,28.85275912912977,2.739155228571212
438,28.560994649755354,2.7505941499908912
439,28.552350641261004,2.7371266482299874
440,28.2903891313929,2.7138224108657187
441,28.306235859514604,2.7186930440425434
442,28.626331717855084,2.736757015115375
443,28.679881234431058,2.740385348730943
444,28.589688618063647,2.726729050888209
445,28.1148579650565,2.686891054772761
446,28.55521255444374,2.693226321491171
447,28.098855295161012,2.7148710200693427
448,28.544295974169685,2.7155595415226026
449,28.47157296245701,2.744317013112435
450,29.234189560960576,2.8136661115399404
451,28.93894710369287,2.7924133101698807
452,28.282652118284567,2.7008101436913248
453,28.300349801523026,2.7283457680438397
454,28.11395932573867,2.6705598345697728
455,28.029756078462487,2.682615934059208
456,27.79929234962652,2.6555230579542606
457,28.963411878139812,2.7389799124365837
458,28.43578737553764,2.720674976137056
459,28.519089550240288,2.7311353249598307
460,27.534215989122828,2.6606824325449905
461,28.193612823863763,2.691436626118025
462,28.549424063528743,2.7330975272064406
463,28.38227526786118,2.7293752454738955
464,28.68930269260942,2.740805043019001
465,27.839692304242725,2.6456024099947566
466,27.96698117982654,2.695635173233801
467,28.381723174341104,2.708067522268347
468,28.58322211612967,2.716666614778926
469,28.909002330115662,2.7583796395693585
470,28.78893507985,2.740889439088087
471,28.311708087864552,2.706844073145573
472,28.553162374548226,2.719957204768069
473,28.5709962377088,2.6941305867474252
474,28.773743862360647,2.742001009867867
475,28.74767152214872,2.74446217551609
476,28.686749475584545,2.764917259144092
477,28.719028918623877,2.7807516786902506
478,28.6744420899048,2.7275027718277363
479,27.9362278239234,2.677995442021742
480,27.261058470557153,2.6303777589107464
481,29.275760937804485,2.8153899678552685
482,28.811810658524905,2.7694395744659244
483,27.97895685748135,2.6792782274623526
484,28.82042896291036,2.724409451074642
485,28.52572351138962,2.7245908880814365
486,28.52163793641327,2.7277308726363554
487,28.903915760336517,2.791416892572039
488,28.664464521041964,2.7593450188762274
489,29.007056365053696,2.7662369995271336
490,28.310662956801195,2.7203577889702157
491,29.42760706110264,2.78321547904049
492,28.899440366958945,2.7531739293856816
493,28.590709424694072,2.728646158776424
494,27.518559900555502,2.644108263488405
495,28.438445212317838,2.728503450467075
496,28.37321461535388,2.720677273265653
497,28.378857614280783,2.719106416848724
498,28.33401018993782,2.7210948402862845
499,28.789851429735446,2.793735987053812
