replicate,stratum,risk_difference_pct,risk_ratio
0,lower_risk,30.161675300671387,2.5533360355457653
1,lower_risk,28.821525163528893,2.497336336346982
2,lower_risk,29.680042353327842,2.49844632521523
3,lower_risk,29.19135435049943,2.449240893270141
4,lower_risk,29.72909076785336,2.5252797478762807
5,lower_risk,30.403692002541664,2.562527502343885
6,lower_risk,30.044993038416923,2.5124261109869717
7,lower_risk,29.653235121759135,2.4883104867306796
8,lower_risk,29.321439021037342,2.4995189672458134
9,lower_risk,30.68332948058118,2.5834929940052906
10,lower_risk,29.87903997295731,2.5264411895876386
11,lower_risk,29.955887189267816,2.532424841442868
12,lower_risk,29.85204142664909,2.563861404109095
13,lower_risk,29.787148392304317,2.517831508959064
14,lower_risk,30.503307356177977,2.579333624485644
15,lower_risk,30.301535510868604,2.564661544835204
16,lower_risk,29.50222015674231,2.5079193803331434
17,lower_risk,29.454379376062978,2.4899539200524283
18,lower_risk,30.904945753478373,2.5854521961003543
19,lower_risk,30.036539718238835,2.5663005295722012
20,lower_risk,30.09293913783256,2.5629355923875443
21,lower_risk,30.306108967114575,2.589567044381397
22,lower_risk,29.54958507182631,2.52520684364038
23,lower_risk,29.7765645019625,2.497891685157
24,lower_risk,30.594633603507425,2.5885813738957637
25,lower_risk,30.3865463003771,2.5680969086572945
26,lower_risk,31.120361371341488,2.613191801922287
27,lower_risk,29.473075928726622,2.51686096818575
28,lower_risk,29.84453481523357,2.557876027614133
29,lower_risk,30.25478958007877,2.577570723929355
30,lower_risk,30.616779941999038,2.5853971623430345
31,lower_risk,29.86307100099676,2.521429925768251
32,lower_risk,30.602720047139307,2.6108739835834047
33,lower_risk,29.46480567479818,2.49754161887313
34,lower_risk,30.126883681178324,2.563351569602803
35,lower_risk,30.372103015720427,2.581862471976905
36,lower_risk,29.67422951531925,2.529913782741724
37,lower_risk,29.941973078951854,2.50449023075217
38,lower_risk,29.94626052707623,2.5462132473455927
39,lower_risk,30.133503948153795,2.5496753976074187
40,lower_risk,30.15001016961329,2.5316735433400415
41,lower_risk,29.44429634437034,2.4860302890739985
42,lower_risk,29.791148702397386,2.5217698898035557
43,lower_risk,29.71943792657108,2.5160817587125694
44,lower_risk,30.15959868749184,2.566245864643199
45,lower_risk,29.681153723858657,2.502716570601236
46,lower_risk,29.892585236781755,2.539498591381029
47,lower_risk,31.1126135556945,2.60765401696181
48,lower_risk,29.663852194092545,2.5522334313412665
49,lower_risk,30.25277208802542,2.57958257907385
50,lower_risk,29.483630958872986,2.516498231437483
51,lower_risk,29.561603398826374,2.5004946960695165
52,lower_risk,30.019612887628654,2.5778931900550246
53,lower_risk,29.93480914639088,2.5454006654103867
54,lower_risk,29.9846667556153,2.5569684537443638
55,lower_risk,30.178174554511582,2.5345833873087735
56,lower_risk,30.677315887844454,2.6110291149374296
57,lower_risk,30.443106677307007,2.5975174261896687
58,lower_risk,29.593835385730827,2.5124460940336895
59,lower_risk,30.786337881080616,2.606100964515062
60,lower_risk,29.73821470058507,2.535524865208357
61,lower_risk,30.05068321413329,2.5377020640870693
62,lower_risk,30.079763203181386,2.5607647906085234
63,lower_risk,30.267056608039834,2.562401190512008
64,lower_risk,29.853692451112867,2.5260819751686605
65,lower_risk,30.148175891963092,2.5571349298299086
66,lower_risk,31.169015805515677,2.5976450506209807
67,lower_risk,30.47601628246185,2.620871015097535
68,lower_risk,30.068359984117393,2.554952828864963
69,lower_risk,30.173903245305965,2.5501133346173197
70,lower_risk,29.56240859421213,2.5417255863958927
71,lower_risk,29.5380587862014,2.500797417364959
72,lower_risk,29.66610158457047,2.5298063400883137
73,lower_risk,30.16933263839266,2.61764183884096
74,lower_risk,30.759233544464838,2.5937775950998008
75,lower_risk,30.36521544622639,2.579141901497514
76,lower_risk,30.712963758341054,2.574605513054247
77,lower_risk,30.12867562557314,2.5379438645386574
78,lower_risk,29.98075294743463,2.505812737115617
79,lower_risk,29.23775665285127,2.4989252907838475
80,lower_risk,29.5041736657236,2.5240110516225354
81,lower_risk,29.834767383480266,2.5456406707802564
82,lower_risk,29.789284762796186,2.5427352873522726
83,lower_risk,29.81503650793016,2.4905661427023102
84,lower_risk,30.84476338897803,2.6163578069679594
85,lower_risk,29.40195303275017,2.507312872413026
86,lower_risk,29.564788965355692,2.512192588038396
87,lower_risk,29.608056274738022,2.497164270715944
88,lower_risk,29.981435754105256,2.5385098763867187
89,lower_risk,29.172905068835654,2.5145759833341774
90,lower_risk,30.646122521187415,2.56787902042617
91,lower_risk,29.46601313556365,2.4912525667887717
92,lower_risk,30.346037911961975,2.5662552597419377
93,lower_risk,30.677253966249694,2.597103860172265
94,lower_risk,28.942304310885426,2.4731773377329707
95,lower_risk,31.2250492106399,2.615812783916422
96,lower_risk,29.58933690010635,2.5134620219948527
97,lower_risk,29.923126586027347,2.524159740664741
98,lower_risk,30.38056134751469,2.592120917868767
99,lower_risk,30.2758405816413,2.5715170092882884
100,lower_risk,29.944180083317,2.5370647703886635
101,lower_risk,29.0357730412011,2.4734662303547723
102,lower_risk,29.585416623469396,2.517453560585718
103,lower_risk,29.489686414269382,2.4774499723981425
104,lower_risk,30.76398605242937,2.5787366825099935
105,lower_risk,30.742672839508618,2.613327247587738
106,lower_risk,29.93989033689718,2.5233108202783314
107,lower_risk,30.205629683677305,2.5594231831036547
108,lower_risk,30.590106618855085,2.5454490059364474
109,lower_risk,29.088594112932313,2.491381976225999
110,lower_risk,29.77885355693187,2.5281908381302927
111,lower_risk,30.724422522984252,2.605947539913716
112,lower_risk,29.763930172142818,2.54480518756903
113,lower_risk,30.568138009658963,2.6063553243926254
114,lower_risk,29.092969447739403,2.4888423377301954
115,lower_risk,29.42724064753627,2.4956202862124397
116,lower_risk,28.832515897132403,2.4792050707641384
117,lower_risk,29.871562731421754,2.524841608192466
118,lower_risk,30.617938189847603,2.5808604332943723
119,lower_risk,30.17000410437075,2.5461699293440803
120,lower_risk,29.908391422000335,2.5441508338227847
121,lower_risk,29.960516368858343,2.600983760299776
122,lower_risk,30.077096003911286,2.5303416418116105
123,lower_risk,29.797998705919742,2.5343571235152673
124,lower_risk,29.349990086250756,2.494340553662359
125,lower_risk,29.8914921415941,2.506515344937528
126,lower_risk,30.405501330401407,2.571055428115065
127,lower_risk,30.5638858638519,2.606459918836955
128,lower_risk,29.189714388428456,2.4782173553058757
129,lower_risk,29.181338374789433,2.45929686401552
130,lower_risk,30.85982453188923,2.5909414270409274
131,lower_risk,29.43404430219354,2.4922257214216303
132,lower_risk,28.896111044426686,2.477247261857014
133,lower_risk,30.22117226067499,2.583768468874824
134,lower_risk,29.67016209813106,2.5055237814408944
135,lower_risk,29.91864006096084,2.534750079552882
136,lower_risk,29.440539921194354,2.4938543159419218
137,lower_risk,30.002222941254253,2.5125774398360026
138,lower_risk,30.058324513037977,2.5015540657731017
139,lower_risk,30.553064340105063,2.561473352123084
140,lower_risk,29.526464972733724,2.4877171189973173
141,lower_risk,30.343776318159765,2.5444440884873445
142,lower_risk,28.91082425268524,2.4569021509818945
143,lower_risk,30.02183967064792,2.535224097121157
144,lower_risk,28.84980309199675,2.449725128301992
145,lower_risk,29.731827300596276,2.5486299378140758
146,lower_risk,30.03197557534011,2.5312389809597287
147,lower_risk,30.255841082428937,2.570947888965823
148,lower_risk,29.77272864228683,2.5247907893699164
149,lower_risk,30.25235449578205,2.5734977627647564
150,lower_risk,28.688396803593918,2.436970893091984
151,lower_risk,30.126422220276726,2.5154944180925756
152,lower_risk,30.583251313771832,2.583059068719723
153,lower_risk,30.42556267712021,2.5765656555835306
154,lower_risk,29.879843219302003,2.540698027303197
155,lower_risk,29.9870771938337,2.556027247848211
156,lower_risk,30.34530279355424,2.582499177010409
157,lower_risk,29.894207225922898,2.5679016396795094
158,lower_risk,28.9034529043837,2.451175242831804
159,lower_risk,29.547121218798335,2.51220084186661
160,lower_risk,30.365933236934527,2.580383280467844
161,lower_risk,28.592943905016234,2.4333046461608068
162,lower_risk,29.992396057855743,2.5493852525058025
163,lower_risk,30.377282499794344,2.540862831373044
164,lower_risk,30.58005253358595,2.5967300579111496
165,lower_risk,29.88479198619361,2.5572312776449935
166,lower_risk,30.320674569963096,2.5868340291647174
167,lower_risk,29.578400658601577,2.5230990243919993
168,lower_risk,29.371141688248375,2.4735432369886237
169,lower_risk,30.543537276757792,2.580424343201991
170,lower_risk,29.088880556718326,2.499019280661838
171,lower_risk,29.331319942065626,2.5164379347529255
172,lower_risk,28.966189675499056,2.4730458616527153
173,lower_risk,29.76193760350495,2.5531545134836593
174,lower_risk,29.614061527739178,2.527310298537469
175,lower_risk,30.350130752627546,2.580018104207325
176,lower_risk,30.026785828016695,2.5362599585541763
177,lower_risk,29.596059137294294,2.5145013168642407
178,lower_risk,29.55759013552013,2.504731693860177
179,lower_risk,29.814168795119734,2.5082978775689826
180,lower_risk,29.138966020632484,2.498155530558356
181,lower_risk,29.74404337270914,2.5421439926513782
182,lower_risk,30.07548317353438,2.5320092806948775
183,lower_risk,30.30340064777136,2.5807772834177203
184,lower_risk,29.790552082522293,2.506606733802081
185,lower_risk,29.01144263900403,2.468420770597134
186,lower_risk,29.135606532511538,2.4750964202093386
187,lower_risk,29.425401211320423,2.4866876084199636
188,lower_risk,29.48562419051547,2.513267798753976
189,lower_risk,30.23053959390005,2.5817324856213215
190,lower_risk,29.78215491616847,2.5261156308442363
191,lower_risk,29.627763172563643,2.5138018218189084
192,lower_risk,30.883569413880295,2.591628467953948
193,lower_risk,30.536068207179234,2.5850513230938197
194,lower_risk,30.461961968843234,2.590472182966938
195,lower_risk,30.330058978400952,2.5688533724374447
196,lower_risk,30.13518700170955,2.5431329570675145
197,lower_risk,30.4782531530203,2.597449668772774
198,lower_risk,30.580901429609675,2.601826922778563
199,lower_risk,29.875546778797258,2.512867792002282
200,lower_risk,29.62484006898835,2.5352968403339755
201,lower_risk,30.310016251929383,2.60337157579834
202,lower_risk,29.713087850722424,2.52783194945133
203,lower_risk,29.61975929554307,2.5315539745968985
204,lower_risk,30.26031493347892,2.5819204448815687
205,lower_risk,29.035387785793237,2.47375335484997
206,lower_risk,29.27121417610181,2.512544307627535
207,lower_risk,29.58069743456707,2.50589484433259
208,lower_risk,29.075863734196304,2.4958564103135745
209,lower_risk,30.195056131171462,2.538038953189677
210,lower_risk,30.921003237891874,2.616830976555604
211,lower_risk,30.289528058642347,2.5596145934642403
212,lower_risk,30.937207920176217,2.611258262612609
213,lower_risk,30.135271578463378,2.5912931330203146
214,lower_risk,31.2077456760277,2.6117343585043216
215,lower_risk,29.700421144620076,2.510399643331381
216,lower_risk,30.15911666058032,2.563837699112878
217,lower_risk,30.023189001228097,2.581486181749957
218,lower_risk,30.132373800224343,2.530372302674014
219,lower_risk,29.23633612522767,2.498548686811483
220,lower_risk,30.330634759768376,2.5494072496444393
221,lower_risk,29.268294259340898,2.4494631971835776
222,lower_risk,29.41840720709831,2.513205852400329
223,lower_risk,29.579010574378863,2.5526403984788537
224,lower_risk,29.89047615484083,2.5379195900902247
225,lower_risk,29.548940793291358,2.513754046993633
226,lower_risk,29.180046259154192,2.4747565170533417
227,lower_risk,29.817586932356576,2.5187831456737126
228,lower_risk,29.606967739226636,2.493001595607721
229,lower_risk,29.806990179886167,2.5509021154990976
230,lower_risk,29.061973716579324,2.471662241720917
231,lower_risk,31.098456266417095,2.6402766955182027
232,lower_risk,29.263734765747067,2.5147490094665366
233,lower_risk,29.390450384740674,2.508353470244737
234,lower_risk,29.410813248514778,2.4916249136502797
235,lower_risk,30.98732956074125,2.640009391367152
236,lower_risk,28.86658957682595,2.4561917765483305
237,lower_risk,30.337394094341953,2.5562043793732787
238,lower_risk,29.54381355208887,2.512881925673307
239,lower_risk,29.50540801005712,2.54163354669755
240,lower_risk,29.213625528442012,2.468686359067207
241,lower_risk,29.912012327528604,2.4967859304185778
242,lower_risk,30.213686510551895,2.5756469149640706
243,lower_risk,30.059924886673006,2.548820866730305
244,lower_risk,30.081418412981275,2.559521802317127
245,lower_risk,30.17696890751227,2.547553203216712
246,lower_risk,30.65605903631421,2.610988941559763
247,lower_risk,30.535704464244823,2.583743432334825
248,lower_risk,28.972863701048247,2.4969428942483423
249,lower_risk,30.893114900547353,2.600492028675294
250,lower_risk,29.82723591651977,2.5213593479259404
251,lower_risk,30.651755419220812,2.5772204153204354
252,lower_risk,29.179859524722662,2.494714992813266
253,lower_risk,29.494032347634114,2.539845472368191
254,lower_risk,29.76663914318477,2.566970173051938
255,lower_risk,30.376566252416694,2.567869470573187
256,lower_risk,29.733750445077106,2.530562541717117
257,lower_risk,30.653237971425497,2.6078860848064274
258,lower_risk,30.875288998506576,2.5792383677066018
259,lower_risk,30.290327972502062,2.5747943100457054
260,lower_risk,29.855559697649213,2.564514865422452
261,lower_risk,29.870878717432305,2.542301431638282
262,lower_risk,28.99843920782671,2.48019939068435
263,lower_risk,29.830628590037023,2.526461221829171
264,lower_risk,30.19281884629543,2.5920456215069154
265,lower_risk,30.490345154788194,2.5642166320669757
266,lower_risk,29.912549188920778,2.507875272215427
267,lower_risk,29.72093002026058,2.5131829954631884
268,lower_risk,29.573801617121497,2.5122528965687607
269,lower_risk,28.54265813790829,2.4407268061027954
270,lower_risk,29.485353000517428,2.523280130261543
271,lower_risk,29.769234677948287,2.52777256767434
272,lower_risk,29.53084263447724,2.4951610003603584
273,lower_risk,29.81458941649098,2.5165298945867196
274,lower_risk,29.660951294459693,2.5432601308487985
275,lower_risk,30.19423267571909,2.540675918202114
276,lower_risk,30.07818521422523,2.538650942825162
277,lower_risk,30.431741822591384,2.577282947423012
278,lower_risk,29.9004223066038,2.5436659668874566
279,lower_risk,29.767751283831988,2.4977570901092565
280,lower_risk,31.477369858756788,2.6549951648906847
281,lower_risk,29.85070657447063,2.5294291769687884
282,lower_risk,30.25434980343259,2.5447350552774592
283,lower_risk,31.615392739627712,2.674544143927692
284,lower_risk,29.88267302074502,2.5542170882035764
285,lower_risk,29.896790524854822,2.5626508319156893
286,lower_risk,30.07562889087462,2.5439624022379275
287,lower_risk,30.09972718948407,2.531770665696307
288,lower_risk,29.42918583586328,2.478847782222998
289,lower_risk,30.637606720706923,2.588229330518227
290,lower_risk,30.150512629677138,2.5343557683967237
291,lower_risk,29.40245758310917,2.4857276868819445
292,lower_risk,29.880441156641137,2.5435921953534986
293,lower_risk,29.43410282023496,2.514970920084012
294,lower_risk,30.037914898309502,2.5622121630592014
295,lower_risk,30.164191820998337,2.5396645347319065
296,lower_risk,28.817370334201982,2.472103145330152
297,lower_risk,29.675102734371617,2.5396193386278263
298,lower_risk,30.671511080268576,2.597243256492858
299,lower_risk,29.588877970774373,2.5239913877605638
300,lower_risk,29.760238260207473,2.5231507943639193
301,lower_risk,29.810838373640653,2.53124909436334
302,lower_risk,30.1899736561568,2.572568510585912
303,lower_risk,29.888656618627437,2.556408580968486
304,lower_risk,30.197691197548693,2.587767714599097
305,lower_risk,30.28370283243834,2.5800882347796525
306,lower_risk,29.771190697588356,2.5111552908182073
307,lower_risk,28.562763076483925,2.440923553923283
308,lower_risk,29.56480848152645,2.5132344735971093
309,lower_risk,30.097828632743152,2.5654452112191075
310,lower_risk,29.899692482040585,2.5521782965944
311,lower_risk,30.11448796598581,2.547627522466618
312,lower_risk,29.488410922523535,2.5003446657318693
313,lower_risk,29.709089304586012,2.5222239662759356
314,lower_risk,29.4087097436211,2.5114704525711944
315,lower_risk,29.674925178388673,2.521777354604023
316,lower_risk,29.71258146993585,2.511375770833189
317,lower_risk,30.05719877981836,2.5744343525580624
318,lower_risk,30.123429385330308,2.5705980841458724
319,lower_risk,29.919863039266335,2.540447218320473
320,lower_risk,30.620049617706936,2.5883938018683987
321,lower_risk,30.26995511809028,2.5667494284545365
322,lower_risk,29.602453004965835,2.514059271670237
323,lower_risk,29.87414445015751,2.520389511424148
324,lower_risk,28.967189216778966,2.474793766139815
325,lower_risk,29.845126388565735,2.532700521690069
326,lower_risk,29.27869168675195,2.496796025884086
327,lower_risk,29.620980483466052,2.5203851245475084
328,lower_risk,29.948352287084656,2.5391763038684267
329,lower_risk,30.360856877671118,2.5856329955312862
330,lower_risk,29.40165794834528,2.491586296092808
331,lower_risk,28.972684459065928,2.4641080911874544
332,lower_risk,30.0469818058679,2.5092821062629396
333,lower_risk,30.36439102184706,2.560787969654944
334,lower_risk,31.227584088661935,2.6561253053949883
335,lower_risk,29.137929686062947,2.4790212599485977
336,lower_risk,30.341016436055057,2.5642929668771495
337,lower_risk,29.947406355714822,2.5109302492966057
338,lower_risk,30.85961956983659,2.6153966846176733
339,lower_risk,29.56520342583148,2.5059127680995843
340,lower_risk,30.124936380883188,2.584284967061949
341,lower_risk,30.840954098001372,2.6159290343282766
342,lower_risk,29.508633278321238,2.495266825202567
343,lower_risk,29.92598751014587,2.5488750750666704
344,lower_risk,29.846963602687644,2.5422320751180423
345,lower_risk,29.868118524063192,2.5503759334138203
346,lower_risk,30.342908469330066,2.6095211478266727
347,lower_risk,29.735731723924147,2.5318410708229746
348,lower_risk,29.922540224766927,2.5499811718600705
349,lower_risk,30.242359837342036,2.577531694016088
350,lower_risk,29.57424854576344,2.484444570952113
351,lower_risk,29.88451563276432,2.5098852398746714
352,lower_risk,29.306326248248105,2.5058486863218903
353,lower_risk,30.030402710939576,2.5108252823366994
354,lower_risk,29.667261837451065,2.5272163856764966
355,lower_risk,28.937815076854882,2.4442726197466333
356,lower_risk,28.944711455776464,2.440463287203937
357,lower_risk,29.697717254881052,2.542162982208817
358,lower_risk,30.26926953632929,2.5428168767593298
359,lower_risk,30.42178247693368,2.5919922502927712
360,lower_risk,29.97119689271839,2.5191594463423255
361,lower_risk,30.337277551017838,2.5827453729273113
362,lower_risk,29.417385761984537,2.5123646869074623
363,lower_risk,29.3956148391044,2.4870770748805615
364,lower_risk,30.10539105571368,2.5452536035119167
365,lower_risk,30.099429427772396,2.5560326498487815
366,lower_risk,30.090035450523178,2.520665109550287
367,lower_risk,29.681998805081843,2.541638946293788
368,lower_risk,29.39137803773255,2.5152210284610947
369,lower_risk,30.126221114774577,2.5336077048130794
370,lower_risk,30.085098336348626,2.509704981960522
371,lower_risk,29.7655956618398,2.5172579140448645
372,lower_risk,30.37257322777709,2.584903570434474
373,lower_risk,30.503267960792314,2.609924418245246
374,lower_risk,28.99740789338384,2.4479753157741526
375,lower_risk,29.781589811521254,2.5380385120795568
376,lower_risk,29.04762124895712,2.5019888884422223
377,lower_risk,30.207208740693137,2.5578449353605057
378,lower_risk,29.815261393422134,2.5379829781475753
379,lower_risk,30.808116436894494,2.580987141978273
380,lower_risk,29.2396092063571,2.483950134064239
381,lower_risk,30.364015837863,2.5609256680336525
382,lower_risk,30.128590983456217,2.5586562850798273
383,lower_risk,29.825972292632198,2.5383349214778184
384,lower_risk,30.296326569116616,2.59378100204928
385,lower_risk,29.588387788581606,2.5191782338916617
386,lower_risk,29.880989572414197,2.524480403670075
387,lower_risk,29.883327936829584,2.532593307789793
388,lower_risk,29.220509827454382,2.4687255327445734
389,lower_risk,30.412914354245853,2.5796714079200767
390,lower_risk,30.510558547199405,2.59273387375906
391,lower_risk,30.437813554650216,2.5589809558632757
392,lower_risk,30.601910889697425,2.5946988561749147
393,lower_risk,29.21237992534269,2.5212562166161976
394,lower_risk,29.52877590902454,2.4808111758031033
395,lower_risk,29.277575659771298,2.5293617252661265
396,lower_risk,30.62730390233534,2.590725144401859
397,lower_risk,30.27771059028198,2.5763598490678605
398,lower_risk,29.7952062846665,2.541188382176581
399,lower_risk,30.36854656208236,2.565123378267157
400,lower_risk,29.300694774864212,2.5186604263423473
401,lower_risk,29.832231808589505,2.5454657774142566
402,lower_risk,30.497371676714312,2.6039391929070854
403,lower_risk,29.365951241634892,2.517354259470334
404,lower_risk,29.51854593783073,2.501069560312041
405,lower_risk,29.966884245511512,2.5338374813592477
406,lower_risk,30.17097528450047,2.562255930964541
407,lower_risk,29.70359806158942,2.4932106447293236
408,lower_risk,29.0896636765893,2.483017925544323
409,lower_risk,30.242843926060353,2.5551965000342043
410,lower_risk,29.259262425376946,2.4815647614381016
411,lower_risk,29.778792240273262,2.5233768812248205
412,lower_risk,30.479361127780326,2.569295133305718
413,lower_risk,30.635803204012724,2.600666650638233
414,lower_risk,30.894964329606868,2.6160000068202955
415,lower_risk,29.84858731685554,2.508338006273273
416,lower_risk,29.747537989825595,2.5110102655846127
417,lower_risk,29.84143821323898,2.5364050526569395
418,lower_risk,30.03445051510607,2.5284773735304173
419,lower_risk,30.410674917054166,2.5532578731562823
420,lower_risk,29.435621508769174,2.528357616945248
421,lower_risk,29.575625684202013,2.498548012903733
422,lower_risk,29.35417077550828,2.506006069920877
423,lower_risk,29.6129623208932,2.5055864341195604
424,lower_risk,30.471266183167454,2.580205091106589
425,lower_risk,29.802690562697652,2.5319327132310177
426,lower_risk,29.03167359823662,2.4994449172623177
427,lower_risk,29.961546546006225,2.547390334280003
428,lower_risk,30.719518286154912,2.5795395758408155
429,lower_risk,30.006379371412073,2.561015460080696
430,lower_risk,28.77059096741219,2.459800719290204
431,lower_risk,29.417592574655867,2.52841077985614
432,lower_risk,29.944639024069065,2.550948975955278
433,lower_risk,29.82776934531573,2.5343126036101586
434,lower_risk,29.222895141935147,2.485382098410478
435,lower_risk,30.332603994616242,2.5650181921714816
436,lower_risk,30.32823470767302,2.5696622780307377
437,lower_risk,29.41291706811633,2.506712593570725
438,lower_risk,29.73989093702333,2.5374415352522877
439,lower_risk,29.837172795560484,2.487715314897261
440,lower_risk,30.519977519682595,2.5623658732176717
441,lower_risk,29.42897554976738,2.5173336120499834
442,lower_risk,29.112206115659312,2.4533750731801174
443,lower_risk,28.839185010457236,2.450845671284256
444,lower_risk,30.5336642634364,2.5880850041224233
445,lower_risk,29.934647448323084,2.5304715524799932
446,lower_risk,28.792583197625888,2.4597482555320243
447,lower_risk,31.001713778751615,2.5967025749815837
448,lower_risk,29.240474412729643,2.466242373066312
449,lower_risk,29.969624217296207,2.5600661391071124
450,lower_risk,30.227901372568322,2.5579911620123044
451,lower_risk,30.464614604960865,2.5652948787757106
452,lower_risk,29.960705998990644,2.540325666758069
453,lower_risk,29.073364875814566,2.497418812216736
454,lower_risk,30.608468504770958,2.5696242056364564
455,lower_risk,29.213023729102517,2.4778157991566903
456,lower_risk,30.026008383194146,2.529703375413367
457,lower_risk,29.501114750916045,2.4980545559992082
458,lower_risk,29.954439083688772,2.5037237809708266
459,lower_risk,30.057325691271643,2.5698477592782316
460,lower_risk,30.633151549952263,2.5662966736542043
461,lower_risk,30.591720754356466,2.5821821398969385
462,lower_risk,29.152604633127012,2.4838548563164435
463,lower_risk,30.637932984265394,2.610178440647458
464,lower_risk,30.117194240905782,2.546260649007364
465,lower_risk,29.760818522688904,2.5072116787172463
466,lower_risk,30.71913191042971,2.5772243900593548
467,lower_risk,29.973030892425246,2.521399054406143
468,lower_risk,29.884944758174946,2.534874729718509
469,lower_risk,31.022274336462846,2.6292838717983837
470,lower_risk,30.06651628520852,2.554889427760932
471,lower_risk,29.164613217522994,2.412347804566897
472,lower_risk,29.204628124225557,2.490165939487589
473,lower_risk,30.41479993273901,2.561172422723551
474,lower_risk,30.554077679200898,2.5395359923422305
475,lower_risk,29.639778503829895,2.5275496004719225
476,lower_risk,30.131912856855564,2.5934300397767176
477,lower_risk,30.27096187943637,2.5367734537260636
478,lower_risk,30.763787698120666,2.597087361242337
479,lower_risk,31.220984831167076,2.608027754453721
480,lower_risk,30.355780506630037,2.5731249158641867
481,lower_risk,30.053777903432405,2.5326066085718733
482,lower_risk,29.473904853048627,2.475922043988075
483,lower_risk,30.050242886713896,2.550054028344073
484,lower_risk,29.53433394769011,2.481520846408831
485,lower_risk,29.74820243862255,2.5487098548152565
486,lower_risk,30.157358797351975,2.58464598703635
487,lower_risk,30.186983288159976,2.5703639130932787
488,lower_risk,30.231566790802034,2.5192132589053373
489,lower_risk,29.26067161366401,2.495118726495126
490,lower_risk,30.46861947230625,2.5838096643496566
491,lower_risk,28.7570769763915,2.4901431805312897
492,lower_risk,29.0854973762159,2.495505807093823
493,lower_risk,29.38859612459948,2.5305777188721517
494,lower_risk,29.623985325577152,2.497908219517391
495,lower_risk,29.908017257535324,2.5381267501511506
496,lower_risk,30.508352692009964,2.557851124178002
497,lower_risk,28.673232453202324,2.480312704984195
498,lower_risk,30.718461139311344,2.5893900178834586
499,lower_risk,30.44215801149177,2.5708165540381693
0,elevated_risk,28.399159035221405,1.669523043931489
1,elevated_risk,21.33444254775056,1.4485832044525881
2,elevated_risk,31.403230955943517,1.7574478693392153
3,elevated_risk,37.247055102182635,2.031200328978736
4,elevated_risk,30.306322132015396,1.7675473448088377
5,elevated_risk,32.2572079157847,1.8505657428876048
6,elevated_risk,26.14317245317116,1.6319320642406827
7,elevated_risk,26.790911312815062,1.603072310621201
8,elevated_risk,22.22738844837002,1.4879598230368083
9,elevated_risk,24.405043168224477,1.5316423512009985
10,elevated_risk,29.887678378846534,1.6743780122644516
11,elevated_risk,28.779034250516194,1.6887306045875652
12,elevated_risk,30.147417793628435,1.7269209096474167
13,elevated_risk,28.95822453766271,1.7445125883027153
14,elevated_risk,29.251846742218717,1.7007354702776696
15,elevated_risk,22.05569722651078,1.4592135614243513
16,elevated_risk,21.600064965861026,1.444392903468159
17,elevated_risk,27.528314586782788,1.620042354483145
18,elevated_risk,25.789197692555366,1.5543776440215271
19,elevated_risk,25.3546153041266,1.5720881942383866
20,elevated_risk,29.82701557316341,1.7145957876512787
21,elevated_risk,31.101921730084914,1.7909504357397297
22,elevated_risk,26.63282697792953,1.5985866583028425
23,elevated_risk,23.986077910968433,1.559031671061896
24,elevated_risk,28.30021524976217,1.627447847976694
25,elevated_risk,28.493265184625244,1.6874547238233637
26,elevated_risk,28.815744588911503,1.71426285934369
27,elevated_risk,29.144837249861087,1.7301131795220155
28,elevated_risk,34.90592439517744,1.926446771217343
29,elevated_risk,30.32939548103769,1.7830140971485995
30,elevated_risk,28.621251190957597,1.6564615399052514
31,elevated_risk,25.196310857195627,1.5698385755484443
32,elevated_risk,26.829681664844063,1.588896368498135
33,elevated_risk,25.85703868975723,1.5896666687901713
34,elevated_risk,24.29226835277236,1.5532189502120526
35,elevated_risk,25.187865587596015,1.5620488880672212
36,elevated_risk,32.316883060671636,1.833561030804673
37,elevated_risk,22.674664162009556,1.4930035758316103
38,elevated_risk,24.167432588620542,1.558036295702148
39,elevated_risk,23.83960405403905,1.533558042030881
40,elevated_risk,30.326840634423085,1.6833526436421222
41,elevated_risk,28.21160362218313,1.6521835500697253
42,elevated_risk,25.228870468678284,1.5570482738582507
43,elevated_risk,24.942571593215018,1.5662601561495746
44,elevated_risk,33.57663715496176,1.8159775752286156
45,elevated_risk,31.326111098453225,1.802652487121742
46,elevated_risk,28.75795977548042,1.7238687882407437
47,elevated_risk,31.160010277338333,1.7434966491954549
48,elevated_risk,30.74191712396326,1.7755457366090894
49,elevated_risk,32.16656612043939,1.769024049036738
50,elevated_risk,39.32977777399183,2.037501951542173
51,elevated_risk,22.45764825135702,1.4786624491979565
52,elevated_risk,30.86622306626999,1.7650285215496044
53,elevated_risk,30.152758406634916,1.733817562393757
54,elevated_risk,29.762629759249055,1.7100175563184394
55,elevated_risk,28.93524934178176,1.7183392876286403
56,elevated_risk,31.327350088186222,1.8149003910525052
57,elevated_risk,32.40129978686822,1.7830509361440534
58,elevated_risk,32.613154559844496,1.8170093020740896
59,elevated_risk,27.510590331865664,1.6653263376748457
60,elevated_risk,29.86324212016579,1.7105469897204388
61,elevated_risk,26.933018175104035,1.6129797570823252
62,elevated_risk,24.759028904706547,1.6002701857793724
63,elevated_risk,23.2106434844993,1.516852955433502
64,elevated_risk,29.16531212721608,1.6838106984715238
65,elevated_risk,26.071943934390585,1.5818196241737772
66,elevated_risk,30.28751835866446,1.6973280225895888
67,elevated_risk,34.911133825843024,1.8897081549173236
68,elevated_risk,28.17698852527676,1.6519716559602295
69,elevated_risk,29.693414247962686,1.7492967517356914
70,elevated_risk,27.906641272421144,1.6671766248355293
71,elevated_risk,28.30469727312176,1.6297992989121153
72,elevated_risk,27.41650546493274,1.616410586175347
73,elevated_risk,24.401922694564917,1.5788707272980411
74,elevated_risk,24.394954012286373,1.5277185289019821
75,elevated_risk,31.63495260695492,1.8529260891727746
76,elevated_risk,25.284518751399816,1.5596816621333722
77,elevated_risk,30.805302470722708,1.714547748816123
78,elevated_risk,25.462988949850583,1.6129641818624516
79,elevated_risk,26.126255423939647,1.601558110469627
80,elevated_risk,28.68837523008339,1.693779977703365
81,elevated_risk,26.616156691305115,1.6115818870267915
82,elevated_risk,28.588408973873214,1.6801823794276425
83,elevated_risk,26.971264342425634,1.6006950229933972
84,elevated_risk,23.65697933779562,1.5270358375165505
85,elevated_risk,27.525821447603693,1.656598546520475
86,elevated_risk,24.74970686861422,1.5369157078237072
87,elevated_risk,30.426682067865606,1.7185960415587218
88,elevated_risk,36.66799913304596,1.9887986412875815
89,elevated_risk,21.95020450512705,1.479676341992734
90,elevated_risk,29.95084173163272,1.7211387651469
91,elevated_risk,29.850604157154407,1.7396692108540726
92,elevated_risk,23.958547623640936,1.5576878947647044
93,elevated_risk,33.20400624807691,1.8428798283423649
94,elevated_risk,33.24535028048472,1.8669670368114537
95,elevated_risk,26.990188850324415,1.6444434744706742
96,elevated_risk,29.77060622226381,1.7450362860982414
97,elevated_risk,27.671217683436687,1.6744629856973507
98,elevated_risk,25.971423498878245,1.5971812897256925
99,elevated_risk,30.31461913303552,1.7344009816620996
100,elevated_risk,28.82967806855773,1.7117837308371326
101,elevated_risk,36.65024735067613,1.9463987690756868
102,elevated_risk,25.35467241526946,1.5371526808982456
103,elevated_risk,29.905000152968164,1.743222259259772
104,elevated_risk,28.024738630543606,1.617274323582311
105,elevated_risk,26.874065983433542,1.566933279089355
106,elevated_risk,28.752457681668453,1.6945827621739982
107,elevated_risk,33.598423158057265,1.7954777274028682
108,elevated_risk,26.559270952162677,1.592672788079444
109,elevated_risk,28.646958019686842,1.717855768928171
110,elevated_risk,27.823407764178242,1.6759746826657311
111,elevated_risk,30.787581088622296,1.723139142123875
112,elevated_risk,24.678132655083786,1.54919310416737
113,elevated_risk,36.981587507522995,1.9743407887839342
114,elevated_risk,27.595135564497998,1.6285527437761194
115,elevated_risk,25.70606576968561,1.6404952376116397
116,elevated_risk,31.678182096333668,1.746575818783738
117,elevated_risk,32.961590340120416,1.804985813325553
118,elevated_risk,25.782261257674232,1.6198665764185507
119,elevated_risk,35.78811001572787,1.9721963295385532
120,elevated_risk,27.56097618343593,1.6426585516121643
121,elevated_risk,26.536004111464067,1.648672690382066
122,elevated_risk,29.57080579840502,1.7161269151406868
123,elevated_risk,32.89677689540505,1.8303301776499086
124,elevated_risk,31.07068872957301,1.7508544544345759
125,elevated_risk,34.70814947697192,1.8688903468502804
126,elevated_risk,27.416609697211126,1.6570491967036314
127,elevated_risk,27.25750449057955,1.6801053160840527
128,elevated_risk,29.612492805865255,1.6794828320183517
129,elevated_risk,34.41405734672542,1.942066654880497
130,elevated_risk,26.32184926329832,1.590004782533395
131,elevated_risk,30.747953245841813,1.720479241187026
132,elevated_risk,29.866225599439844,1.7074771382100062
133,elevated_risk,33.53515048338505,1.872507601635166
134,elevated_risk,27.746334048290844,1.633575534637913
135,elevated_risk,29.56835117747616,1.7107220441308653
136,elevated_risk,23.574929547828326,1.5266545815072248
137,elevated_risk,28.42989170897752,1.680268828625404
138,elevated_risk,27.704130977337844,1.714236745599817
139,elevated_risk,30.43786314994188,1.7945779768507124
140,elevated_risk,28.105449004197908,1.6788011828206573
141,elevated_risk,23.64061806804215,1.5231948743274768
142,elevated_risk,26.80531418884002,1.6706238885252676
143,elevated_risk,31.13206219319313,1.758580825132633
144,elevated_risk,35.123579662868266,1.9348745597223016
145,elevated_risk,31.218445964686726,1.7656035161130377
146,elevated_risk,25.999994387174624,1.5675700410254085
147,elevated_risk,31.30165420567072,1.7717792649181605
148,elevated_risk,28.713570964496192,1.6752407989357694
149,elevated_risk,29.433068849743112,1.6704238120477313
150,elevated_risk,28.99242408425171,1.6785132017780324
151,elevated_risk,35.66727116132259,1.9624509845007765
152,elevated_risk,28.02165629038928,1.6766737666369573
153,elevated_risk,27.734393289454275,1.6237954592172106
154,elevated_risk,25.362233119816796,1.592506564080887
155,elevated_risk,27.013062477754968,1.593800259983637
156,elevated_risk,27.219026058743196,1.6136521873439762
157,elevated_risk,33.63042699680982,1.848254318083371
158,elevated_risk,30.343755730038808,1.7692459746658797
159,elevated_risk,26.300680338611276,1.5844889797774564
160,elevated_risk,25.221402220411182,1.5537335775803605
161,elevated_risk,32.339752456857376,1.790484912792724
162,elevated_risk,23.59299351468305,1.5025560453859383
163,elevated_risk,29.62281319795644,1.6974265472798498
164,elevated_risk,30.426482494250585,1.719830062676725
165,elevated_risk,27.57083228659431,1.6311464831940292
166,elevated_risk,28.4038939818916,1.6344439369695867
167,elevated_risk,30.52863087613968,1.789735247315814
168,elevated_risk,36.290155840710995,1.9351627914697926
169,elevated_risk,29.54306856225107,1.7257014729259275
170,elevated_risk,28.706491692299558,1.7112957556032542
171,elevated_risk,28.770173626355188,1.6796499791726671
172,elevated_risk,28.3824190092276,1.6620686910548008
173,elevated_risk,24.074415947719697,1.531616838528274
174,elevated_risk,29.166942942469674,1.702093823322271
175,elevated_risk,35.752421969360526,1.8863944636155048
176,elevated_risk,33.057765049826855,1.8351612680507112
177,elevated_risk,25.790645464566104,1.6302871875162692
178,elevated_risk,27.423194910192283,1.6444992021112121
179,elevated_risk,27.915861455948072,1.6656871361796273
180,elevated_risk,21.67477319253088,1.4813415364583846
181,elevated_risk,31.224271601154747,1.7619337307803193
182,elevated_risk,27.861756048250953,1.6396018210284073
183,elevated_risk,30.863817851569088,1.7656654089003907
184,elevated_risk,32.7731200224684,1.7808990598235048
185,elevated_risk,27.76841951736926,1.6682679223933432
186,elevated_risk,24.03516720473684,1.525208079834493
187,elevated_risk,30.713791174873002,1.7464381820496264
188,elevated_risk,31.21153555371801,1.7271350135196761
189,elevated_risk,29.62539421239946,1.731348782183727
190,elevated_risk,20.260611197046295,1.4194006140547737
191,elevated_risk,22.063820675502804,1.4558564897060011
192,elevated_risk,34.017015494498004,1.8121117675297977
193,elevated_risk,31.309378576653735,1.7533434583779866
194,elevated_risk,27.97131215462884,1.6369953520523421
195,elevated_risk,25.536983194433425,1.5860961502193707
196,elevated_risk,26.047448137147644,1.5698997445691691
197,elevated_risk,32.76471333162266,1.863516938067215
198,elevated_risk,30.71973990984788,1.7555656244621376
199,elevated_risk,27.16209905698731,1.6425295844088583
200,elevated_risk,30.27868345566982,1.7537287962508779
201,elevated_risk,22.576437373609803,1.5172067555033188
202,elevated_risk,31.681257852228857,1.7774664593853886
203,elevated_risk,35.64366531340221,1.9078953045947196
204,elevated_risk,23.910549486453526,1.5413245725086508
205,elevated_risk,29.41547038622033,1.6346427584205716
206,elevated_risk,23.436968099666817,1.5024591419138353
207,elevated_risk,25.314966937183357,1.5713854384894645
208,elevated_risk,29.297916625402603,1.7245844279640374
209,elevated_risk,26.894559453259788,1.589121232626407
210,elevated_risk,22.1444978587882,1.457125277985401
211,elevated_risk,32.21515513483724,1.7596400838364135
212,elevated_risk,27.84762414220485,1.6476140087225186
213,elevated_risk,27.50235054111706,1.6272661890427802
214,elevated_risk,27.94286631760264,1.6636395509924429
215,elevated_risk,26.743272988039468,1.589038038964746
216,elevated_risk,32.40476926922138,1.839272351606605
217,elevated_risk,25.102815087671427,1.580847168217173
218,elevated_risk,27.124597339349656,1.6070873794483398
219,elevated_risk,26.78979637772641,1.651014035210195
220,elevated_risk,29.82006913062148,1.74537687435395
221,elevated_risk,32.46340293222955,1.8710375419405298
222,elevated_risk,27.83603188622459,1.6759373567278038
223,elevated_risk,28.44837395987789,1.6932765778999117
224,elevated_risk,28.31777002014298,1.621858253981251
225,elevated_risk,29.124576573774597,1.6393272716723002
226,elevated_risk,28.41923383162563,1.704826427301408
227,elevated_risk,36.864724799932326,2.006872676454737
228,elevated_risk,32.569384824476586,1.8845258368678883
229,elevated_risk,24.14864535439835,1.5292793144200976
230,elevated_risk,32.08069800062272,1.818281976429057
231,elevated_risk,26.548786006341942,1.647425313454649
232,elevated_risk,24.404169289511334,1.5511959511045965
233,elevated_risk,26.20981868416103,1.6023583390736267
234,elevated_risk,27.154477663915355,1.6336159464218063
235,elevated_risk,21.98269623919536,1.4728376954779983
236,elevated_risk,31.618666358028424,1.8086869708597404
237,elevated_risk,22.41704177297878,1.4985271896175292
238,elevated_risk,29.140299201385517,1.6936954709679335
239,elevated_risk,30.440299048778453,1.7586158592662275
240,elevated_risk,33.21904345273316,1.8562725589142008
241,elevated_risk,31.699254628591376,1.7563367958126324
242,elevated_risk,29.48635894711215,1.6885190765253255
243,elevated_risk,25.57010643062178,1.5799318383551406
244,elevated_risk,31.275649383790142,1.8126915479190409
245,elevated_risk,31.037072529231537,1.7509596375619354
246,elevated_risk,29.42747810981955,1.7096656917898945
247,elevated_risk,35.521248641692296,1.9639170818964844
248,elevated_risk,26.846412193096636,1.6363933273305225
249,elevated_risk,26.384875231932313,1.5818643101641041
250,elevated_risk,32.42934023016143,1.9257507689812323
251,elevated_risk,29.698625397958306,1.6926765633959513
252,elevated_risk,27.583862193242865,1.6801414563984507
253,elevated_risk,26.92093834247648,1.6443304974802526
254,elevated_risk,31.838115203616386,1.7928300304096363
255,elevated_risk,30.224190569513752,1.7124853879755206
256,elevated_risk,31.401201186666356,1.7669460154821326
257,elevated_risk,25.96313545171711,1.603278006670515
258,elevated_risk,34.1308167680311,1.8466846845333877
259,elevated_risk,22.958464573398672,1.5144133231354142
260,elevated_risk,28.20471318863944,1.6609683581369408
261,elevated_risk,22.215370067877238,1.4646374341156767
262,elevated_risk,32.158356763277745,1.7718225639018854
263,elevated_risk,30.224291890280412,1.7273031515017854
264,elevated_risk,28.597877072395733,1.6855870050260178
265,elevated_risk,30.540059494949745,1.6975200315577177
266,elevated_risk,28.97677256123276,1.6805028673290325
267,elevated_risk,27.301554834325977,1.636215546426477
268,elevated_risk,22.584498527614006,1.4893340604554632
269,elevated_risk,27.143727344478506,1.610801531475554
270,elevated_risk,34.18938407444128,1.852517862109181
271,elevated_risk,29.673396408941944,1.732605881762929
272,elevated_risk,29.7904920075876,1.7419716814496833
273,elevated_risk,30.40601462090263,1.7252181306422167
274,elevated_risk,26.68899475539412,1.5738574288338472
275,elevated_risk,26.40035519653657,1.5909071207785044
276,elevated_risk,29.918573679185883,1.6901097146310666
277,elevated_risk,25.73291693605618,1.583178365162742
278,elevated_risk,25.67323965641741,1.5740737406404548
279,elevated_risk,31.96251334898716,1.8327994416475981
280,elevated_risk,23.92548558844557,1.515079764544731
281,elevated_risk,24.70104637947631,1.5366850812995778
282,elevated_risk,27.87252402874128,1.6753355010054025
283,elevated_risk,28.710312224145028,1.7141733664262295
284,elevated_risk,29.555649181521858,1.6781800575424584
285,elevated_risk,25.705900576016894,1.6014454058844976
286,elevated_risk,26.791353885052377,1.6169677877792328
287,elevated_risk,30.230580360273347,1.744306132646388
288,elevated_risk,30.58490626419229,1.7386601246980145
289,elevated_risk,33.29126662750565,1.81612563676993
290,elevated_risk,31.23696596147485,1.7538525607210171
291,elevated_risk,21.57332532430659,1.474269090649976
292,elevated_risk,27.987943217645878,1.6560876081460865
293,elevated_risk,26.00352289209782,1.5910721633621414
294,elevated_risk,24.611149475340433,1.5540036893695919
295,elevated_risk,26.538729635413787,1.6039358282331462
296,elevated_risk,23.960552639893763,1.5203654938780584
297,elevated_risk,27.891353479993903,1.6624592312034228
298,elevated_risk,32.74159214876542,1.841716100918529
299,elevated_risk,25.740564564457202,1.5842814998088677
300,elevated_risk,28.5704298726543,1.6695905128743602
301,elevated_risk,24.690373908244627,1.5528675651206045
302,elevated_risk,29.024738458369644,1.725566371626639
303,elevated_risk,31.269056611702794,1.7896460266253877
304,elevated_risk,24.49986660059757,1.549137227287541
305,elevated_risk,28.005726338637615,1.6457786978919167
306,elevated_risk,28.649722294297458,1.6408997108232295
307,elevated_risk,25.238902742905296,1.5406732151866713
308,elevated_risk,31.108974853408128,1.734820707953605
309,elevated_risk,29.229972910135192,1.7001938764577817
310,elevated_risk,24.591388777544655,1.5459529396304663
311,elevated_risk,30.82487665245565,1.7000771477525334
312,elevated_risk,33.763657698757676,1.804746144544071
313,elevated_risk,21.964546218732572,1.4581628288794453
314,elevated_risk,30.21518376406681,1.706594612507899
315,elevated_risk,28.95710796498014,1.706511969043998
316,elevated_risk,27.253540306543183,1.63092952824901
317,elevated_risk,27.932533232327955,1.7018736961924783
318,elevated_risk,25.70844812236665,1.5626674694850604
319,elevated_risk,29.951735801070235,1.723732833047629
320,elevated_risk,25.15302338657256,1.542149247502194
321,elevated_risk,26.69269857498223,1.5972960184869942
322,elevated_risk,27.733040349248743,1.654567389675838
323,elevated_risk,30.1626765215047,1.681553261490211
324,elevated_risk,23.290046883313913,1.5107518072078019
325,elevated_risk,30.63542359021016,1.769921202243749
326,elevated_risk,28.91289228698821,1.73199834560872
327,elevated_risk,30.71384347497908,1.7072612219251144
328,elevated_risk,32.04213356963894,1.836008392652972
329,elevated_risk,30.722820127144406,1.7446679566657481
330,elevated_risk,26.68700107855963,1.6606909076993763
331,elevated_risk,26.693624798478048,1.5737685273424955
332,elevated_risk,25.666487136046605,1.5735944486821412
333,elevated_risk,27.877631501231708,1.7004535130490297
334,elevated_risk,29.82661589827897,1.768943472954064
335,elevated_risk,24.88036258843791,1.5276646112725238
336,elevated_risk,23.018700783008804,1.4851983365278483
337,elevated_risk,27.550062571466995,1.6547188001696411
338,elevated_risk,34.062792115840196,2.000234296376788
339,elevated_risk,30.621824377252388,1.7233696903993005
340,elevated_risk,27.781901138923036,1.6292432803743389
341,elevated_risk,34.16108577442834,1.8766160652319217
342,elevated_risk,27.053485299132397,1.6334816225567492
343,elevated_risk,31.144806329290564,1.7989035476144226
344,elevated_risk,26.061955818572848,1.598602526830857
345,elevated_risk,26.721324876822028,1.6153911556393772
346,elevated_risk,30.90718930896254,1.7460415457690588
347,elevated_risk,19.640320259589437,1.4406039074319283
348,elevated_risk,28.28412595551526,1.669439875417195
349,elevated_risk,29.64142372421261,1.7075812509500363
350,elevated_risk,21.217255516117216,1.4623847254910654
351,elevated_risk,27.83542606572988,1.6777774907837717
352,elevated_risk,34.34154437925977,1.8901088996051971
353,elevated_risk,22.693611471962523,1.5010774877571709
354,elevated_risk,32.55453711382984,1.8367095392049648
355,elevated_risk,27.248792247423246,1.6519972556836444
356,elevated_risk,25.66345428496805,1.5869855497957703
357,elevated_risk,24.821939638594507,1.550889275033843
358,elevated_risk,26.308908134665042,1.5857458075469024
359,elevated_risk,27.34308120990908,1.6100547067833972
360,elevated_risk,28.17143814404655,1.658565469607615
361,elevated_risk,28.24303111491616,1.6792939683000176
362,elevated_risk,30.04764861778381,1.7187025299969299
363,elevated_risk,26.86061939426372,1.642746889796011
364,elevated_risk,29.311380783024653,1.6651783061612093
365,elevated_risk,35.99641244646423,1.902288912618364
366,elevated_risk,26.966973701816755,1.639258491920086
367,elevated_risk,24.480235123898087,1.5681615865332896
368,elevated_risk,24.746344285578747,1.5437600948613974
369,elevated_risk,30.357741047139946,1.7616063746243527
370,elevated_risk,29.090749441881737,1.6743876023401454
371,elevated_risk,32.853475511538036,1.8558501333623367
372,elevated_risk,30.638658660093142,1.7565605146758412
373,elevated_risk,30.198949617323795,1.7105475829621342
374,elevated_risk,27.73811294365793,1.6650101910715862
375,elevated_risk,23.020367118771684,1.4980524770526369
376,elevated_risk,28.65333841494512,1.687201438565448
377,elevated_risk,34.014583956243484,1.8648981638992483
378,elevated_risk,26.738051496753272,1.622281520749986
379,elevated_risk,33.780185237033955,1.861857040644651
380,elevated_risk,31.068841942233316,1.758301845781793
381,elevated_risk,30.411559122156735,1.7309918901790906
382,elevated_risk,29.71443199011383,1.7381115815163963
383,elevated_risk,23.79653509468806,1.515616853943053
384,elevated_risk,19.761168772897918,1.427233094332311
385,elevated_risk,26.921268427369487,1.6697020331672139
386,elevated_risk,31.694791133720752,1.7796747862142346
387,elevated_risk,27.182793224537555,1.6075980491180182
388,elevated_risk,29.49360765312378,1.6798551333362624
389,elevated_risk,29.553310387227466,1.6718671147779793
390,elevated_risk,28.66649741227341,1.6563040969219907
391,elevated_risk,34.76755742620974,1.8626563003542445
392,elevated_risk,24.337681296450754,1.5327228875174568
393,elevated_risk,27.967053467523094,1.688895845608904
394,elevated_risk,28.660930748228385,1.6752314781180873
395,elevated_risk,28.63905163029297,1.7038427596608527
396,elevated_risk,29.486661130723135,1.6743177790035084
397,elevated_risk,29.84848064794128,1.747418551931169
398,elevated_risk,27.734081160566465,1.6228220264605642
399,elevated_risk,29.710536358479377,1.7002901408978774
400,elevated_risk,27.834596845371333,1.6371387321858777
401,elevated_risk,27.39565034769365,1.6165536998424008
402,elevated_risk,24.717150734643045,1.5741501979147925
403,elevated_risk,31.217947306977173,1.7796413064949468
404,elevated_risk,29.511258655421695,1.7166455805831304
405,elevated_risk,27.90700025888556,1.638819783542082
406,elevated_risk,24.53789577172425,1.6020018446404531
407,elevated_risk,27.800820156003507,1.6900376036102644
408,elevated_risk,22.132007077484207,1.4667307631025641
409,elevated_risk,31.097862820921947,1.7256266243131524
410,elevated_risk,28.166682524071874,1.6257630220177983
411,elevated_risk,26.59313754538698,1.597992727097524
412,elevated_risk,21.047245414676176,1.457425373479917
413,elevated_risk,27.667320389750504,1.616794572614217
414,elevated_risk,30.81481973341263,1.7611760775108345
415,elevated_risk,25.805282820661656,1.5680966548649966
416,elevated_risk,30.614004948360684,1.7614383404757186
417,elevated_risk,29.380824541705618,1.7494051934898067
418,elevated_risk,33.98712081529354,1.9718823532779672
419,elevated_risk,26.915567873976347,1.619450396824027
420,elevated_risk,25.990425627107207,1.6050901907924382
421,elevated_risk,40.47695725820557,2.132353450743037
422,elevated_risk,23.28735639323944,1.505656311527123
423,elevated_risk,36.207760008791574,1.9550111815228282
424,elevated_risk,30.11980542952335,1.7236941429859463
425,elevated_risk,25.9544929359842,1.5656965070011486
426,elevated_risk,28.127956515804748,1.6688147289652098
427,elevated_risk,29.906051069610985,1.7189067583971944
428,elevated_risk,31.722274247419442,1.775343250176525
429,elevated_risk,27.973978647021326,1.6764202852056815
430,elevated_risk,24.975880415714226,1.5554353224854656
431,elevated_risk,32.27958363976175,1.7820082297498312
432,elevated_risk,28.506984177777127,1.6431758266668748
433,elevated_risk,32.535451666629875,1.8153776421721028
434,elevated_risk,24.576368599798016,1.5655285822478544
435,elevated_risk,27.689325697487476,1.6604354431803054
436,elevated_risk,34.10192508919405,1.8548526382890695
437,elevated_risk,28.955425468833994,1.6767316826527305
438,elevated_risk,27.727321299549878,1.705407091827756
439,elevated_risk,30.134930143661283,1.7391071980829873
440,elevated_risk,29.270673759719614,1.714871023293135
441,elevated_risk,26.939285915933354,1.6050260688679414
442,elevated_risk,26.113989929576757,1.6093891255240753
443,elevated_risk,25.977276823681255,1.629887831834198
444,elevated_risk,23.626285097200416,1.4951406118415658
445,elevated_risk,35.79589301875007,1.972498565740183
446,elevated_risk,29.44401918577552,1.6690966102284364
447,elevated_risk,26.898795041908784,1.6276895446864332
448,elevated_risk,25.198136891828494,1.5497140525501045
449,elevated_risk,32.53355299040572,1.7914173874854065
450,elevated_risk,28.39980555621559,1.6631590932490288
451,elevated_risk,33.529168278109,1.8688712749747947
452,elevated_risk,28.085860324370206,1.6693140115418899
453,elevated_risk,25.668962772277805,1.6350326204917789
454,elevated_risk,25.053548421611254,1.6054266823650702
455,elevated_risk,26.084248629781815,1.590488961639379
456,elevated_risk,26.633705080523924,1.6200368771153437
457,elevated_risk,32.31806913537877,1.821016216137127
458,elevated_risk,30.214468042902908,1.737260746900753
459,elevated_risk,29.04347722000314,1.6832057437331134
460,elevated_risk,29.83674457509081,1.6829717224895948
461,elevated_risk,27.98326514601584,1.6615935451041035
462,elevated_risk,29.803914627774077,1.6932135268270871
463,elevated_risk,32.854022806655905,1.8038639888487387
464,elevated_risk,24.04574531063726,1.4763779449410297
465,elevated_risk,29.05386061147091,1.6785438124826053
466,elevated_risk,32.67624884691527,1.862466951286405
467,elevated_risk,30.980742404925792,1.7676766587147903
468,elevated_risk,21.383322722246163,1.4589506223189295
469,elevated_risk,34.200699309255455,1.8644114261940474
470,elevated_risk,25.01817411306749,1.6193750488815175
471,elevated_risk,25.82530454947138,1.6114485333126471
472,elevated_risk,29.90917129066834,1.6708074465423006
473,elevated_risk,25.97836001751757,1.6309054237450302
474,elevated_risk,25.06105459534112,1.5474919641417788
475,elevated_risk,33.537021376888184,1.8551655370638658
476,elevated_risk,27.23779157334431,1.618499362560235
477,elevated_risk,28.650048770746274,1.6626578659683258
478,elevated_risk,29.166644866591202,1.738676039505888
479,elevated_risk,25.730934760990877,1.5499683680960912
480,elevated_risk,41.038864906699786,2.129327284089355
481,elevated_risk,26.96084377268995,1.642973714859223
482,elevated_risk,28.858282064798264,1.723535048157715
483,elevated_risk,32.27913691422031,1.8266313648801
484,elevated_risk,40.22866526388905,2.2253053571394767
485,elevated_risk,35.56885276618456,1.9339550505966607
486,elevated_risk,26.998797280763537,1.6086779964727436
487,elevated_risk,29.41393035188059,1.7450770817588734
488,elevated_risk,29.99064425610904,1.701495795984915
489,elevated_risk,24.62344639580087,1.5467877126128777
490,elevated_risk,28.426735347082694,1.619282339265224
491,elevated_risk,32.4554822882993,1.8693624734413277
492,elevated_risk,26.95820992753808,1.6691502557064943
493,elevated_risk,26.770006092383227,1.5894631900380976
494,elevated_risk,28.31066552267974,1.6954284268637805
495,elevated_risk,32.48957512367391,1.8187346141888654
496,elevated_risk,23.901653893712727,1.5379277427901283
497,elevated_risk,31.3722821264595,1.7829978542197846
498,elevated_risk,24.54833663674643,1.583502378123031
499,elevated_risk,32.1855408719989,1.8491914034185508
0,difference_lower_minus_elevated,1.7625162654499815,
1,difference_lower_minus_elevated,7.487082615778334,
2,difference_lower_minus_elevated,-1.7231886026156773,
3,difference_lower_minus_elevated,-8.055700751683204,
4,difference_lower_minus_elevated,-0.5772313641620341,
5,difference_lower_minus_elevated,-1.8535159132430312,
6,difference_lower_minus_elevated,3.9018205852457633,
7,difference_lower_minus_elevated,2.8623238089440726,
8,difference_lower_minus_elevated,7.094050572667321,
9,difference_lower_minus_elevated,6.278286312356701,
10,difference_lower_minus_elevated,-0.008638405889221934,
11,difference_lower_minus_elevated,1.1768529387516213,
12,difference_lower_minus_elevated,-0.2953763669793441,
13,difference_lower_minus_elevated,0.8289238546416111,
14,difference_lower_minus_elevated,1.25146061395926,
15,difference_lower_minus_elevated,8.245838284357825,
16,difference_lower_minus_elevated,7.902155190881283,
17,difference_lower_minus_elevated,1.9260647892801908,
18,difference_lower_minus_elevated,5.115748060923009,
19,difference_lower_minus_elevated,4.681924414112237,
20,difference_lower_minus_elevated,0.265923564669146,
21,difference_lower_minus_elevated,-0.7958127629703382,
22,difference_lower_minus_elevated,2.9167580938967816,
23,difference_lower_minus_elevated,5.790486590994065,
24,difference_lower_minus_elevated,2.2944183537452534,
25,difference_lower_minus_elevated,1.8932811157518548,
26,difference_lower_minus_elevated,2.304616782429986,
27,difference_lower_minus_elevated,0.3282386788655334,
28,difference_lower_minus_elevated,-5.06138957994387,
29,difference_lower_minus_elevated,-0.07460590095891839,
30,difference_lower_minus_elevated,1.9955287510414421,
31,difference_lower_minus_elevated,4.6667601438011355,
32,difference_lower_minus_elevated,3.7730383822952462,
33,difference_lower_minus_elevated,3.60776698504095,
34,difference_lower_minus_elevated,5.834615328405962,
35,difference_lower_minus_elevated,5.184237428124411,
36,difference_lower_minus_elevated,-2.6426535453523856,
37,difference_lower_minus_elevated,7.2673089169423,
38,difference_lower_minus_elevated,5.778827938455688,
39,difference_lower_minus_elevated,6.293899894114746,
40,difference_lower_minus_elevated,-0.17683046480979625,
41,difference_lower_minus_elevated,1.232692722187212,
42,difference_lower_minus_elevated,4.562278233719103,
43,difference_lower_minus_elevated,4.776866333356061,
44,difference_lower_minus_elevated,-3.4170384674699186,
45,difference_lower_minus_elevated,-1.644957374594569,
46,difference_lower_minus_elevated,1.1346254613013362,
47,difference_lower_minus_elevated,-0.04739672164383313,
48,difference_lower_minus_elevated,-1.0780649298707146,
49,difference_lower_minus_elevated,-1.9137940324139735,
50,difference_lower_minus_elevated,-9.846146815118844,
51,difference_lower_minus_elevated,7.103955147469354,
52,difference_lower_minus_elevated,-0.8466101786413327,
53,difference_lower_minus_elevated,-0.21794926024403805,
54,difference_lower_minus_elevated,0.2220369963662483,
55,difference_lower_minus_elevated,1.242925212729823,
56,difference_lower_minus_elevated,-0.6500342003417703,
57,difference_lower_minus_elevated,-1.9581931095612126,
58,difference_lower_minus_elevated,-3.019319174113666,
59,difference_lower_minus_elevated,3.2757475492149526,
60,difference_lower_minus_elevated,-0.12502741958071995,
61,difference_lower_minus_elevated,3.117665039029255,
62,difference_lower_minus_elevated,5.3207342984748385,
63,difference_lower_minus_elevated,7.056413123540533,
64,difference_lower_minus_elevated,0.6883803238967867,
65,difference_lower_minus_elevated,4.076231957572507,
66,difference_lower_minus_elevated,0.8814974468512149,
67,difference_lower_minus_elevated,-4.435117543381178,
68,difference_lower_minus_elevated,1.891371458840635,
69,difference_lower_minus_elevated,0.4804889973432813,
70,difference_lower_minus_elevated,1.6557673217909852,
71,difference_lower_minus_elevated,1.2333615130796394,
72,difference_lower_minus_elevated,2.249596119637731,
73,difference_lower_minus_elevated,5.767409943827745,
74,difference_lower_minus_elevated,6.364279532178463,
75,difference_lower_minus_elevated,-1.269737160728529,
76,difference_lower_minus_elevated,5.42844500694124,
77,difference_lower_minus_elevated,-0.6766268451495638,
78,difference_lower_minus_elevated,4.517763997584046,
79,difference_lower_minus_elevated,3.1115012289116226,
80,difference_lower_minus_elevated,0.8157984356402082,
81,difference_lower_minus_elevated,3.21861069217515,
82,difference_lower_minus_elevated,1.2008757889229726,
83,difference_lower_minus_elevated,2.843772165504527,
84,difference_lower_minus_elevated,7.187784051182411,
85,difference_lower_minus_elevated,1.8761315851464788,
86,difference_lower_minus_elevated,4.815082096741474,
87,difference_lower_minus_elevated,-0.8186257931275864,
88,difference_lower_minus_elevated,-6.686563378940702,
89,difference_lower_minus_elevated,7.2227005637086,
90,difference_lower_minus_elevated,0.695280789554692,
91,difference_lower_minus_elevated,-0.38459102159075775,
92,difference_lower_minus_elevated,6.3874902883210405,
93,difference_lower_minus_elevated,-2.526752281827216,
94,difference_lower_minus_elevated,-4.303045969599295,
95,difference_lower_minus_elevated,4.234860360315484,
96,difference_lower_minus_elevated,-0.1812693221574624,
97,difference_lower_minus_elevated,2.2519089025906602,
98,difference_lower_minus_elevated,4.409137848636446,
99,difference_lower_minus_elevated,-0.038778551394219596,
100,difference_lower_minus_elevated,1.1145020147592721,
101,difference_lower_minus_elevated,-7.614474309475028,
102,difference_lower_minus_elevated,4.230744208199938,
103,difference_lower_minus_elevated,-0.4153137386987804,
104,difference_lower_minus_elevated,2.739247421885765,
105,difference_lower_minus_elevated,3.868606856075074,
106,difference_lower_minus_elevated,1.1874326552287262,
107,difference_lower_minus_elevated,-3.3927934743799626,
108,difference_lower_minus_elevated,4.030835666692406,
109,difference_lower_minus_elevated,0.44163609324547326,
110,difference_lower_minus_elevated,1.9554457927536295,
111,difference_lower_minus_elevated,-0.063158565638044,
112,difference_lower_minus_elevated,5.0857975170590315,
113,difference_lower_minus_elevated,-6.413449497864033,
114,difference_lower_minus_elevated,1.4978338832414062,
115,difference_lower_minus_elevated,3.7211748778506584,
116,difference_lower_minus_elevated,-2.845666199201263,
117,difference_lower_minus_elevated,-3.0900276086986644,
118,difference_lower_minus_elevated,4.835676932173372,
119,difference_lower_minus_elevated,-5.618105911357119,
120,difference_lower_minus_elevated,2.3474152385644045,
121,difference_lower_minus_elevated,3.4245122573942743,
122,difference_lower_minus_elevated,0.5062902055062657,
123,difference_lower_minus_elevated,-3.0987781894853015,
124,difference_lower_minus_elevated,-1.7206986433222549,
125,difference_lower_minus_elevated,-4.816657335377816,
126,difference_lower_minus_elevated,2.9888916331902826,
127,difference_lower_minus_elevated,3.3063813732723544,
128,difference_lower_minus_elevated,-0.42277841743679767,
129,difference_lower_minus_elevated,-5.232718971935984,
130,difference_lower_minus_elevated,4.537975268590911,
131,difference_lower_minus_elevated,-1.3139089436482732,
132,difference_lower_minus_elevated,-0.9701145550131574,
133,difference_lower_minus_elevated,-3.3139782227100625,
134,difference_lower_minus_elevated,1.923828049840215,
135,difference_lower_minus_elevated,0.35028888348467846,
136,difference_lower_minus_elevated,5.865610373366026,
137,difference_lower_minus_elevated,1.5723312322767302,
138,difference_lower_minus_elevated,2.354193535700133,
139,difference_lower_minus_elevated,0.11520119016318331,
140,difference_lower_minus_elevated,1.421015968535816,
141,difference_lower_minus_elevated,6.703158250117614,
142,difference_lower_minus_elevated,2.105510063845223,
143,difference_lower_minus_elevated,-1.1102225225452067,
144,difference_lower_minus_elevated,-6.273776570871514,
145,difference_lower_minus_elevated,-1.48661866409045,
146,difference_lower_minus_elevated,4.031981188165484,
147,difference_lower_minus_elevated,-1.0458131232417844,
148,difference_lower_minus_elevated,1.0591576777906342,
149,difference_lower_minus_elevated,0.8192856460389419,
150,difference_lower_minus_elevated,-0.3040272806577926,
151,difference_lower_minus_elevated,-5.540848941045862,
152,difference_lower_minus_elevated,2.5615950233825515,
153,difference_lower_minus_elevated,2.691169387665937,
154,difference_lower_minus_elevated,4.517610099485209,
155,difference_lower_minus_elevated,2.9740147160787322,
156,difference_lower_minus_elevated,3.1262767348110456,
157,difference_lower_minus_elevated,-3.736219770886917,
158,difference_lower_minus_elevated,-1.4403028256551098,
159,difference_lower_minus_elevated,3.2464408801870572,
160,difference_lower_minus_elevated,5.144531016523346,
161,difference_lower_minus_elevated,-3.7468085518411467,
162,difference_lower_minus_elevated,6.399402543172688,
163,difference_lower_minus_elevated,0.7544693018379067,
164,difference_lower_minus_elevated,0.15357003933536562,
165,difference_lower_minus_elevated,2.3139596995992995,
166,difference_lower_minus_elevated,1.9167805880714983,
167,difference_lower_minus_elevated,-0.9502302175381006,
168,difference_lower_minus_elevated,-6.919014152462621,
169,difference_lower_minus_elevated,1.0004687145067248,
170,difference_lower_minus_elevated,0.38238886441877007,
171,difference_lower_minus_elevated,0.5611463157104368,
172,difference_lower_minus_elevated,0.5837706662714548,
173,difference_lower_minus_elevated,5.687521655785255,
174,difference_lower_minus_elevated,0.44711858526950143,
175,difference_lower_minus_elevated,-5.40229121673298,
176,difference_lower_minus_elevated,-3.0309792218101594,
177,difference_lower_minus_elevated,3.805413672728192,
178,difference_lower_minus_elevated,2.1343952253278453,
179,difference_lower_minus_elevated,1.898307339171662,
180,difference_lower_minus_elevated,7.464192828101607,
181,difference_lower_minus_elevated,-1.480228228445607,
182,difference_lower_minus_elevated,2.2137271252834267,
183,difference_lower_minus_elevated,-0.5604172037977251,
184,difference_lower_minus_elevated,-2.982567939946107,
185,difference_lower_minus_elevated,1.2430231216347731,
186,difference_lower_minus_elevated,5.100439327774698,
187,difference_lower_minus_elevated,-1.2883899635525775,
188,difference_lower_minus_elevated,-1.7259113632025425,
189,difference_lower_minus_elevated,0.6051453815005936,
190,difference_lower_minus_elevated,9.521543719122171,
191,difference_lower_minus_elevated,7.563942497060838,
192,difference_lower_minus_elevated,-3.133446080617708,
193,difference_lower_minus_elevated,-0.7733103694745003,
194,difference_lower_minus_elevated,2.4906498142143905,
195,difference_lower_minus_elevated,4.793075783967526,
196,difference_lower_minus_elevated,4.087738864561907,
197,difference_lower_minus_elevated,-2.2864601786023564,
198,difference_lower_minus_elevated,-0.138838480238207,
199,difference_lower_minus_elevated,2.7134477218099473,
200,difference_lower_minus_elevated,-0.6538433866814686,
201,difference_lower_minus_elevated,7.73357887831958,
202,difference_lower_minus_elevated,-1.9681700015064307,
203,difference_lower_minus_elevated,-6.023906017859143,
204,difference_lower_minus_elevated,6.349765447025396,
205,difference_lower_minus_elevated,-0.3800826004270952,
206,difference_lower_minus_elevated,5.8342460764349955,
207,difference_lower_minus_elevated,4.2657304973837125,
208,difference_lower_minus_elevated,-0.222052891206298,
209,difference_lower_minus_elevated,3.3004966779116742,
210,difference_lower_minus_elevated,8.776505379103677,
211,difference_lower_minus_elevated,-1.9256270761948913,
212,difference_lower_minus_elevated,3.0895837779713666,
213,difference_lower_minus_elevated,2.6329210373463194,
214,difference_lower_minus_elevated,3.26487935842506,
215,difference_lower_minus_elevated,2.957148156580608,
216,difference_lower_minus_elevated,-2.2456526086410635,
217,difference_lower_minus_elevated,4.920373913556669,
218,difference_lower_minus_elevated,3.0077764608746893,
219,difference_lower_minus_elevated,2.4465397475012587,
220,difference_lower_minus_elevated,0.5105656291468974,
221,difference_lower_minus_elevated,-3.195108672888647,
222,difference_lower_minus_elevated,1.582375320873719,
223,difference_lower_minus_elevated,1.1306366145009683,
224,difference_lower_minus_elevated,1.5727061346978488,
225,difference_lower_minus_elevated,0.4243642195167596,
226,difference_lower_minus_elevated,0.7608124275285622,
227,difference_lower_minus_elevated,-7.0471378675757474,
228,difference_lower_minus_elevated,-2.9624170852499465,
229,difference_lower_minus_elevated,5.6583448254878155,
230,difference_lower_minus_elevated,-3.0187242840433948,
231,difference_lower_minus_elevated,4.549670260075156,
232,difference_lower_minus_elevated,4.859565476235733,
233,difference_lower_minus_elevated,3.180631700579645,
234,difference_lower_minus_elevated,2.2563355845994226,
235,difference_lower_minus_elevated,9.00463332154589,
236,difference_lower_minus_elevated,-2.7520767812024727,
237,difference_lower_minus_elevated,7.920352321363172,
238,difference_lower_minus_elevated,0.4035143507033545,
239,difference_lower_minus_elevated,-0.9348910387213305,
240,difference_lower_minus_elevated,-4.005417924291149,
241,difference_lower_minus_elevated,-1.7872423010627747,
242,difference_lower_minus_elevated,0.7273275634397447,
243,difference_lower_minus_elevated,4.489818456051226,
244,difference_lower_minus_elevated,-1.1942309708088683,
245,difference_lower_minus_elevated,-0.8601036217192659,
246,difference_lower_minus_elevated,1.22858092649466,
247,difference_lower_minus_elevated,-4.985544177447471,
248,difference_lower_minus_elevated,2.12645150795161,
249,difference_lower_minus_elevated,4.5082396686150386,
250,difference_lower_minus_elevated,-2.602104313641662,
251,difference_lower_minus_elevated,0.9531300212625049,
252,difference_lower_minus_elevated,1.5959973314797982,
253,difference_lower_minus_elevated,2.5730940051576336,
254,difference_lower_minus_elevated,-2.071476060431615,
255,difference_lower_minus_elevated,0.1523756829029388,
256,difference_lower_minus_elevated,-1.6674507415892492,
257,difference_lower_minus_elevated,4.690102519708383,
258,difference_lower_minus_elevated,-3.2555277695245244,
259,difference_lower_minus_elevated,7.331863399103389,
260,difference_lower_minus_elevated,1.6508465090097735,
261,difference_lower_minus_elevated,7.655508649555065,
262,difference_lower_minus_elevated,-3.1599175554510364,
263,difference_lower_minus_elevated,-0.3936633002433909,
264,difference_lower_minus_elevated,1.5949417738996996,
265,difference_lower_minus_elevated,-0.04971434016154963,
266,difference_lower_minus_elevated,0.9357766276880175,
267,difference_lower_minus_elevated,2.4193751859346078,
268,difference_lower_minus_elevated,6.989303089507493,
269,difference_lower_minus_elevated,1.3989307934297812,
270,difference_lower_minus_elevated,-4.704031073923848,
271,difference_lower_minus_elevated,0.09583826900634307,
272,difference_lower_minus_elevated,-0.25964937311035996,
273,difference_lower_minus_elevated,-0.5914252044116552,
274,difference_lower_minus_elevated,2.971956539065573,
275,difference_lower_minus_elevated,3.7938774791825223,
276,difference_lower_minus_elevated,0.15961153503934455,
277,difference_lower_minus_elevated,4.698824886535203,
278,difference_lower_minus_elevated,4.227182650186389,
279,difference_lower_minus_elevated,-2.19476206515517,
280,difference_lower_minus_elevated,7.5518842703112155,
281,difference_lower_minus_elevated,5.149660194994321,
282,difference_lower_minus_elevated,2.3818257746913094,
283,difference_lower_minus_elevated,2.905080515482683,
284,difference_lower_minus_elevated,0.3270238392231617,
285,difference_lower_minus_elevated,4.190889948837928,
286,difference_lower_minus_elevated,3.2842750058222405,
287,difference_lower_minus_elevated,-0.1308531707892746,
288,difference_lower_minus_elevated,-1.1557204283290101,
289,difference_lower_minus_elevated,-2.653659906798728,
290,difference_lower_minus_elevated,-1.0864533317977099,
291,difference_lower_minus_elevated,7.829132258802579,
292,difference_lower_minus_elevated,1.8924979389952579,
293,difference_lower_minus_elevated,3.4305799281371394,
294,difference_lower_minus_elevated,5.426765422969071,
295,difference_lower_minus_elevated,3.6254621855845492,
296,difference_lower_minus_elevated,4.856817694308218,
297,difference_lower_minus_elevated,1.7837492543777145,
298,difference_lower_minus_elevated,-2.070081068496843,
299,difference_lower_minus_elevated,3.848313406317172,
300,difference_lower_minus_elevated,1.1898083875531706,
301,difference_lower_minus_elevated,5.120464465396024,
302,difference_lower_minus_elevated,1.1652351977871567,
303,difference_lower_minus_elevated,-1.3803999930753597,
304,difference_lower_minus_elevated,5.697824596951123,
305,difference_lower_minus_elevated,2.2779764938007263,
306,difference_lower_minus_elevated,1.1214684032908984,
307,difference_lower_minus_elevated,3.323860333578632,
308,difference_lower_minus_elevated,-1.5441663718816778,
309,difference_lower_minus_elevated,0.8678557226079575,
310,difference_lower_minus_elevated,5.308303704495931,
311,difference_lower_minus_elevated,-0.7103886864698428,
312,difference_lower_minus_elevated,-4.275246776234143,
313,difference_lower_minus_elevated,7.744543085853439,
314,difference_lower_minus_elevated,-0.8064740204457133,
315,difference_lower_minus_elevated,0.7178172134085337,
316,difference_lower_minus_elevated,2.4590411633926665,
317,difference_lower_minus_elevated,2.124665547490406,
318,difference_lower_minus_elevated,4.414981262963657,
319,difference_lower_minus_elevated,-0.0318727618038972,
320,difference_lower_minus_elevated,5.467026231134375,
321,difference_lower_minus_elevated,3.5772565431080485,
322,difference_lower_minus_elevated,1.8694126557170898,
323,difference_lower_minus_elevated,-0.2885320713471917,
324,difference_lower_minus_elevated,5.677142333465052,
325,difference_lower_minus_elevated,-0.7902972016444243,
326,difference_lower_minus_elevated,0.36579939976373876,
327,difference_lower_minus_elevated,-1.0928629915130272,
328,difference_lower_minus_elevated,-2.0937812825542856,
329,difference_lower_minus_elevated,-0.3619632494732905,
330,difference_lower_minus_elevated,2.714656869785653,
331,difference_lower_minus_elevated,2.279059660587879,
332,difference_lower_minus_elevated,4.380494669821294,
333,difference_lower_minus_elevated,2.48675952061535,
334,difference_lower_minus_elevated,1.4009681903829674,
335,difference_lower_minus_elevated,4.257567097625037,
336,difference_lower_minus_elevated,7.322315653046251,
337,difference_lower_minus_elevated,2.3973437842478296,
338,difference_lower_minus_elevated,-3.2031725460036076,
339,difference_lower_minus_elevated,-1.0566209514209057,
340,difference_lower_minus_elevated,2.343035241960151,
341,difference_lower_minus_elevated,-3.320131676426963,
342,difference_lower_minus_elevated,2.455147979188843,
343,difference_lower_minus_elevated,-1.2188188191446958,
344,difference_lower_minus_elevated,3.7850077841147964,
345,difference_lower_minus_elevated,3.146793647241164,
346,difference_lower_minus_elevated,-0.564280839632475,
347,difference_lower_minus_elevated,10.095411464334708,
348,difference_lower_minus_elevated,1.6384142692516646,
349,difference_lower_minus_elevated,0.6009361131294244,
350,difference_lower_minus_elevated,8.35699302964622,
351,difference_lower_minus_elevated,2.0490895670344402,
352,difference_lower_minus_elevated,-5.03521813101167,
353,difference_lower_minus_elevated,7.336791238977053,
354,difference_lower_minus_elevated,-2.8872752763787704,
355,difference_lower_minus_elevated,1.6890228294316356,
356,difference_lower_minus_elevated,3.28125717080841,
357,difference_lower_minus_elevated,4.875777616286542,
358,difference_lower_minus_elevated,3.9603614016642474,
359,difference_lower_minus_elevated,3.0787012670245972,
360,difference_lower_minus_elevated,1.799758748671837,
361,difference_lower_minus_elevated,2.0942464361016766,
362,difference_lower_minus_elevated,-0.630262855799274,
363,difference_lower_minus_elevated,2.534995444840682,
364,difference_lower_minus_elevated,0.7940102726890275,
365,difference_lower_minus_elevated,-5.896983018691832,
366,difference_lower_minus_elevated,3.123061748706424,
367,difference_lower_minus_elevated,5.201763681183758,
368,difference_lower_minus_elevated,4.645033752153804,
369,difference_lower_minus_elevated,-0.2315199323653705,
370,difference_lower_minus_elevated,0.9943488944668899,
371,difference_lower_minus_elevated,-3.0878798496982385,
372,difference_lower_minus_elevated,-0.2660854323160544,
373,difference_lower_minus_elevated,0.30431834346851816,
374,difference_lower_minus_elevated,1.2592949497259087,
375,difference_lower_minus_elevated,6.761222692749569,
376,difference_lower_minus_elevated,0.3942828340119997,
377,difference_lower_minus_elevated,-3.807375215550346,
378,difference_lower_minus_elevated,3.077209896668859,
379,difference_lower_minus_elevated,-2.97206880013946,
380,difference_lower_minus_elevated,-1.8292327358762184,
381,difference_lower_minus_elevated,-0.04754328429373289,
382,difference_lower_minus_elevated,0.41415899334238393,
383,difference_lower_minus_elevated,6.029437197944137,
384,difference_lower_minus_elevated,10.535157796218698,
385,difference_lower_minus_elevated,2.6671193612121167,
386,difference_lower_minus_elevated,-1.813801561306555,
387,difference_lower_minus_elevated,2.70053471229203,
388,difference_lower_minus_elevated,-0.27309782566939944,
389,difference_lower_minus_elevated,0.8596039670183853,
390,difference_lower_minus_elevated,1.844061134925995,
391,difference_lower_minus_elevated,-4.329743871559522,
392,difference_lower_minus_elevated,6.264229593246673,
393,difference_lower_minus_elevated,1.2453264578195955,
394,difference_lower_minus_elevated,0.8678451607961546,
395,difference_lower_minus_elevated,0.6385240294783323,
396,difference_lower_minus_elevated,1.1406427716122047,
397,difference_lower_minus_elevated,0.4292299423407031,
398,difference_lower_minus_elevated,2.061125124100033,
399,difference_lower_minus_elevated,0.6580102036029822,
400,difference_lower_minus_elevated,1.4660979294928767,
401,difference_lower_minus_elevated,2.4365814608958534,
402,difference_lower_minus_elevated,5.780220942071268,
403,difference_lower_minus_elevated,-1.8519960653422818,
404,difference_lower_minus_elevated,0.007287282409035312,
405,difference_lower_minus_elevated,2.059883986625949,
406,difference_lower_minus_elevated,5.633079512776224,
407,difference_lower_minus_elevated,1.9027779055859118,
408,difference_lower_minus_elevated,6.9576565991050945,
409,difference_lower_minus_elevated,-0.8550188948615922,
410,difference_lower_minus_elevated,1.092579901305074,
411,difference_lower_minus_elevated,3.1856546948862805,
412,difference_lower_minus_elevated,9.43211571310415,
413,difference_lower_minus_elevated,2.968482814262219,
414,difference_lower_minus_elevated,0.08014459619423708,
415,difference_lower_minus_elevated,4.043304496193883,
416,difference_lower_minus_elevated,-0.8664669585350893,
417,difference_lower_minus_elevated,0.46061367153336086,
418,difference_lower_minus_elevated,-3.9526703001874663,
419,difference_lower_minus_elevated,3.4951070430778164,
420,difference_lower_minus_elevated,3.4451958816619666,
421,difference_lower_minus_elevated,-10.901331574003558,
422,difference_lower_minus_elevated,6.066814382268842,
423,difference_lower_minus_elevated,-6.594797687898374,
424,difference_lower_minus_elevated,0.3514607536441061,
425,difference_lower_minus_elevated,3.8481976267134566,
426,difference_lower_minus_elevated,0.9037170824318708,
427,difference_lower_minus_elevated,0.05549547639523977,
428,difference_lower_minus_elevated,-1.0027559612645287,
429,difference_lower_minus_elevated,2.0324007243907483,
430,difference_lower_minus_elevated,3.7947105516979662,
431,difference_lower_minus_elevated,-2.86199106510589,
432,difference_lower_minus_elevated,1.4376548462919359,
433,difference_lower_minus_elevated,-2.707682321314148,
434,difference_lower_minus_elevated,4.6465265421371305,
435,difference_lower_minus_elevated,2.6432782971287647,
436,difference_lower_minus_elevated,-3.7736903815210274,
437,difference_lower_minus_elevated,0.4574915992823336,
438,difference_lower_minus_elevated,2.012569637473449,
439,difference_lower_minus_elevated,-0.2977573481007967,
440,difference_lower_minus_elevated,1.249303759962983,
441,difference_lower_minus_elevated,2.4896896338340246,
442,difference_lower_minus_elevated,2.998216186082553,
443,difference_lower_minus_elevated,2.86190818677598,
444,difference_lower_minus_elevated,6.907379166235983,
445,difference_lower_minus_elevated,-5.861245570426993,
446,difference_lower_minus_elevated,-0.6514359881496345,
447,difference_lower_minus_elevated,4.102918736842831,
448,difference_lower_minus_elevated,4.042337520901151,
449,difference_lower_minus_elevated,-2.5639287731095086,
450,difference_lower_minus_elevated,1.8280958163527317,
451,difference_lower_minus_elevated,-3.0645536731481346,
452,difference_lower_minus_elevated,1.87484567462044,
453,difference_lower_minus_elevated,3.4044021035367633,
454,difference_lower_minus_elevated,5.554920083159703,
455,difference_lower_minus_elevated,3.128775099320702,
456,difference_lower_minus_elevated,3.392303302670224,
457,difference_lower_minus_elevated,-2.8169543844627274,
458,difference_lower_minus_elevated,-0.26002895921413693,
459,difference_lower_minus_elevated,1.0138484712685025,
460,difference_lower_minus_elevated,0.7964069748614577,
461,difference_lower_minus_elevated,2.608455608340626,
462,difference_lower_minus_elevated,-0.6513099946470646,
463,difference_lower_minus_elevated,-2.21608982239051,
464,difference_lower_minus_elevated,6.071448930268525,
465,difference_lower_minus_elevated,0.7069579112179925,
466,difference_lower_minus_elevated,-1.9571169364855645,
467,difference_lower_minus_elevated,-1.0077115125005476,
468,difference_lower_minus_elevated,8.501622035928785,
469,difference_lower_minus_elevated,-3.1784249727926097,
470,difference_lower_minus_elevated,5.048342172141029,
471,difference_lower_minus_elevated,3.3393086680516157,
472,difference_lower_minus_elevated,-0.7045431664427837,
473,difference_lower_minus_elevated,4.436439915221441,
474,difference_lower_minus_elevated,5.493023083859777,
475,difference_lower_minus_elevated,-3.8972428730582873,
476,difference_lower_minus_elevated,2.894121283511253,
477,difference_lower_minus_elevated,1.6209131086900974,
478,difference_lower_minus_elevated,1.5971428315294633,
479,difference_lower_minus_elevated,5.4900500701762,
480,difference_lower_minus_elevated,-10.683084400069747,
481,difference_lower_minus_elevated,3.092934130742453,
482,difference_lower_minus_elevated,0.615622788250364,
483,difference_lower_minus_elevated,-2.2288940275064117,
484,difference_lower_minus_elevated,-10.69433131619894,
485,difference_lower_minus_elevated,-5.82065032756201,
486,difference_lower_minus_elevated,3.1585615165884375,
487,difference_lower_minus_elevated,0.7730529362793837,
488,difference_lower_minus_elevated,0.2409225346929944,
489,difference_lower_minus_elevated,4.637225217863139,
490,difference_lower_minus_elevated,2.0418841252235587,
491,difference_lower_minus_elevated,-3.6984053119077984,
492,difference_lower_minus_elevated,2.127287448677823,
493,difference_lower_minus_elevated,2.6185900322162556,
494,difference_lower_minus_elevated,1.3133198028974113,
495,difference_lower_minus_elevated,-2.581557866138584,
496,difference_lower_minus_elevated,6.60669879829724,
497,difference_lower_minus_elevated,-2.699049673257176,
498,difference_lower_minus_elevated,6.170124502564911,
499,difference_lower_minus_elevated,-1.743382860507131,
